ID,Name,Habitants,Index,Acreage,HabitantsPerSquareKm,ProsperityIndex,Province,Latitude,Longitude,BoundingBox,Frans,Nederlands,Duits,Begin,Einde
1,Antwerpen,525.935,443,"204,51",2.572,"88,2",Antwerpen,51.2211097,4.3997081,"['51.1432868', '51.3776412', '4.2175769', '4.4979684']",Anvers,Antwerpen,Antwerpen,01.01.0001,31.12.9999
2,Gent,262.219,204,"156,18",1.679,"102,3",Oost-Vlaanderen,51.0538286,3.7250121,"['50.9795422', '51.187946', '3.5797616', '3.849325']",Gand,Gent,Gent,01.01.0001,31.12.9999
3,Charleroi,202.267,370,"102,08",1.982,"73,0",Henegouwen,50.4120332,4.4436244,"['50.3527894', '50.4925149', '4.3474458', '4.5075571']",Charleroi,-,-,01.01.0001,31.12.9999
4,Luik,197.327,219,"69,39",2.844,"81,4",Luik,50.6451381,5.5734203,"['50.5610182', '50.6881981', '5.5233883', '5.675257']",Liège,Luik,Lüttich,01.01.0001,31.12.9999
5,Brussel,181.726,140,"32,61",5.573,"70,0",Brussel,50.8465573,4.351697,"['50.6865573', '51.0065573', '4.191697', '4.511697']",Bruxelles,Brussel,-,01.01.0001,31.12.9999
6,Schaarbeek,133.309,2.146,"8,14",16.377,"65,4",Brussel,50.8676041,4.3737121,"['50.8434069', '50.8811977', '4.3571322', '4.4130849']",Schaerbeek,Schaarbeek,-,01.01.0001,31.12.9999
7,Anderlecht,119.714,2.007,"17,74",6.747,"63,8",Brussel,50.8390983,4.3296526,"['50.8070598', '50.850549', '4.2437658', '4.3402385']",Anderlecht,Anderlecht,-,01.01.0001,31.12.9999
8,Brugge,118.325,194,"138,40",855,"111,7",West-Vlaanderen,51.2085526,3.226772,"['51.1581918', '51.363347', '3.1341802', '3.309804']",Bruges,Brugge,Brügge,01.01.0001,31.12.9999
9,Namen,110.779,260,"175,69",631,"99,9",Namen,50.4665284,4.8661892,"['50.3872825', '50.5313007', '4.723053', '4.9841776']",Namur,Namen,-,01.01.0001,31.12.9999
10,Leuven,101.624,288,"56,63",1.794,"113,6",Vlaams-Brabant,50.879202,4.7011675,"['50.8242096', '50.9440707', '4.640295', '4.7705305']",Louvain,Leuven,Löwen,01.01.0001,31.12.9999
11,Sint-Jans-Molenbeek,97.462,808,"5,89",16.542,"57,1",Brussel,50.8545959,4.338636,"['50.844035', '50.8714317', '4.2831135', '4.3487272']",Molenbeek-Saint-Jean,Sint-Jans-Molenbeek,-,01.01.0001,31.12.9999
12,Bergen,95.613,183,"146,53",653,"88,1",Henegouwen,50.4549568,3.951958,"['50.3777531', '50.5138107', '3.8547797', '4.085104']",Mons,Bergen,-,01.01.0001,31.12.9999
13,Elsene,86.876,610,"6,34",13.693,"89,7",Brussel,50.8331141,4.3668279,"['50.8009321', '50.8406267', '4.3479344', '4.4034045']",Ixelles,Elsene,-,01.01.0001,31.12.9999
14,Mechelen,86.616,235,"65,19",1.329,"104,8",Antwerpen,51.0281381,4.4803453,"['50.9909709', '51.0785768', '4.3700927', '4.549039']",Malines,Mechelen,Mechelen,01.01.0001,31.12.9999
15,Aalst,86.445,263,"78,12",1.107,"107,6",Oost-Vlaanderen,50.9383226,4.0392147,"['50.8993828', '50.9948309', '3.9824469', '4.1641424']",Alost,Aalst,Aalst,01.01.0001,31.12.9999
16,Ukkel,83.024,1.303,"22,91",3.624,"112,9",Brussel,50.8035441,4.3338445,"['50.763682', '50.8169786', '4.3110983', '4.4128924']",Uccle,Ukkel,-,01.01.0001,31.12.9999
17,La Louvière,80.757,483,"64,24",1.257,"79,8",Henegouwen,50.479487,4.1852682,"['50.4332671', '50.5249551', '4.0699218', '4.2299745']",La Louvière,-,-,01.01.2019,31.12.9999
17,La Louvière,80.757,483,"64,24",1.257,"79,8",Henegouwen,50.479487,4.1852682,"['50.4332671', '50.5249551', '4.0699218', '4.2299745']",La Louvière,-,-,01.01.0001,31.12.2018
18,Hasselt,78.296,514,"102,24",766,"113,2",Limburg,50.9303735,5.3378043,"['50.8675417', '50.981282', '5.2121524', '5.4149391']",-,Hasselt,-,01.01.0001,31.12.9999
19,Sint-Niklaas,77.769,259,"83,80",927,"99,3",Oost-Vlaanderen,51.1646685,4.1395124,"['51.1296079', '51.2078094', '3.9853092', '4.2216963']",Saint-Nicolas (Waes),Sint-Niklaas,Sint-Niklaas,01.01.0001,31.12.9999
20,Kortrijk,76.735,218,"80,02",959,"104,5",West-Vlaanderen,50.8276429,3.2659884,"['50.7310386', '50.874934', '3.2007586', '3.3588007']",Courtrai,Kortrijk,Kortrijk,01.01.0001,31.12.9999
21,Oostende,71.494,446,"37,72",1.895,"100,3",West-Vlaanderen,51.2258565,2.919496,"['51.1846337', '51.2455721', '2.8386276', '3.0035408']",Ostende,Oostende,Oostende,01.01.0001,31.12.9999
22,Doornik,69.370,106,"213,75",325,"94,8",Henegouwen,50.60566,3.3878259,"['50.5523575', '50.6887918', '3.2440216', '3.5769352']",Tournai,Doornik,-,01.01.0001,31.12.9999
23,Genk,66.227,3.728,"87,85",754,"89,5",Limburg,50.9654864,5.5001456,"['50.9130492', '51.020766', '5.3843163', '5.5951688']",-,Genk,-,01.01.0001,31.12.9999
24,Seraing,64.259,373,"35,34",1.819,"77,5",Luik,50.6152381,5.5089437,"['50.5472961', '50.6286135', '5.4698932', '5.5660933']",Seraing,-,-,01.01.0001,31.12.9999
25,Roeselare,62.954,292,"59,79",1.053,"102,1",West-Vlaanderen,50.9444948,3.124765,"['50.8870139', '50.9940257', '3.0619143', '3.1784858']",Roulers,Roeselare,Roeselare,01.01.0001,31.12.9999
26,Moeskroen,58.474,426,"40,08",1.459,"84,3",Henegouwen,50.7433351,3.2139093,"['50.7099086', '50.7658775', '3.1783878', '3.3292102']",Mouscron,Moeskroen,,01.01.2019,31.12.9999
26,Moeskroen,58.474,426,"40,08",1.459,"84,3",Henegouwen,50.7433351,3.2139093,"['50.7099086', '50.7658775', '3.1783878', '3.3292102']",Mouscron,Moeskroen,-,01.01.0001,31.12.2018
27,Sint-Lambrechts-Woluwe,56.660,4.794,"7,22",7.842,"94,9",Brussel,50.8430448,4.4256732,"['50.8337623', '50.8630337', '4.3999896', '4.461777']",Woluwe-Saint-Lambert,Sint-Lambrechts-Woluwe,-,01.01.0001,31.12.9999
28,Vorst,56.289,4.251,"6,25",9.009,"81,4",Brussel,50.8091426,4.3177512,"['50.7975919', '50.8308078', '4.3019949', '4.353607']",Forest,Vorst,-,01.01.0001,31.12.9999
29,Verviers,55.207,160,"33,07",1.669,"77,9",Luik,50.5932274,5.8638544,"['50.5492321', '50.6258273', '5.8130414', '5.9256531']",Verviers,-,-,01.01.0001,31.12.9999
30,Jette,52.536,2.652,"5,04",10.417,"82,4",Brussel,50.8759585,4.3245702,"['50.864506', '50.8941515', '4.2937557', '4.3406693']",Jette,Jette,-,01.01.0001,31.12.9999
32,Beveren,48.668,197,"150,18",324,"113,7",Oost-Vlaanderen,51.21288495,4.24908132985944,"['51.1883084', '51.2373196', '4.1980342', '4.2844242']",-,Beveren,-,01.01.0001,25.01.1965
32,Beveren,48.668,197,"150,18",324,"113,7",Oost-Vlaanderen,51.21288495,4.24908132985944,"['51.1883084', '51.2373196', '4.1980342', '4.2844242']",-,Beveren,-,01.01.0001,31.12.9999
33,Etterbeek,48.367,1.568,"3,15",15.358,"81,2",Brussel,50.8361447,4.3861737,"['50.8225269', '50.844661', '4.3792052', '4.4117701']",Etterbeek,Etterbeek,-,01.01.0001,31.12.9999
34,Beringen,46.346,588,"78,30",592,"94,4",Limburg,51.0502026,5.22080908230083,"['51.0309054', '51.0691676', '5.1993562', '5.2520007']",-,Beringen,-,01.01.0001,31.12.9999
35,Dendermonde,45.769,227,"55,67",822,"108,3",Oost-Vlaanderen,51.0312293,4.098112,"['50.9851181', '51.0724309', '3.9966602', '4.1940212']",Termonde,Dendermonde,Dendermonde,01.01.0001,31.12.9999
36,Vilvoorde,44.727,651,"21,48",2.083,"96,0",Vlaams-Brabant,50.92813655,4.43290525148385,"['50.8968325', '50.9592578', '4.3606787', '4.4870828']",Vilvorde,Vilvoorde,Vilvoorde,01.01.0001,31.12.9999
37,Turnhout,44.664,310,"56,06",797,"97,3",Antwerpen,51.3233812,4.948461,"['51.2624027', '51.3954588', '4.8887471', '4.984881']",-,Turnhout,-,01.01.0001,31.12.9999
39,Dilbeek,42.847,637,"41,18",1.041,"119,8",Vlaams-Brabant,50.84415525,4.26567486726073,"['50.8198943', '50.868461', '4.2275562', '4.2898414']",-,Dilbeek,-,01.01.0001,31.12.9999
40,Heist-op-den-Berg,42.681,352,"86,46",494,"108,0",Antwerpen,51.06251575,4.71943107216415,"['51.0288097', '51.0962777', '4.6768702', '4.806114']",-,Heist-op-den-Berg,-,01.01.0001,31.12.9999
41,Sint-Pieters-Woluwe,41.824,3.173,"8,85",4.725,"112,2",Brussel,50.8370253,4.4274636,"['50.8184213', '50.8489441', '4.4042447', '4.476725']",Woluwe-Saint-Pierre,Sint-Pieters-Woluwe,-,01.01.0001,31.12.9999
42,Evere,41.763,3.033,"5,02",8.322,"74,8",Brussel,50.8720096,4.4034182,"['50.8523647', '50.8859345', '4.3877216', '4.4266432']",Evere,Evere,-,01.01.0001,31.12.9999
43,Lokeren,41.690,194,"67,50",618,"102,7",Oost-Vlaanderen,51.1042159,3.9911114,"['51.0712889', '51.1646724', '3.896651', '4.0339723']",-,Lokeren,-,01.01.0001,31.12.9999
44,Sint-Truiden,40.590,227,"106,90",380,"103,8",Limburg,50.82694775,5.2034249116034,"['50.776418', '50.8773247', '5.1497098', '5.2448766']",Saint-Trond,Sint-Truiden,Sint-Truiden,01.01.0001,31.12.9999
45,Geel,40.353,394,"109,85",367,"108,9",Antwerpen,51.1610826,4.9903187,"['51.0892573', '51.242632', '4.8938153', '5.077703']",-,Geel,-,01.01.0001,31.12.9999
46,Eigenbrakel,40.008,521,"52,12",768,"116,8",Waals-Brabant,50.6828722,4.3692706,"['50.6259387', '50.7341002', '4.3004066', '4.4119959']",Braine-l'Alleud,Eigenbrakel,-,01.01.0001,31.12.9999
47,Herstal,39.989,375,"23,54",1.699,"80,2",Luik,50.6650412,5.629981,"['50.6546974', '50.702464', '5.5553099', '5.6570477']",Herstal,-,-,01.01.0001,31.12.9999
48,Halle,39.540,385,"44,40",890,"107,0",Vlaams-Brabant,50.7360524,4.2374349,"['50.6894114', '50.7785526', '4.1720079', '4.3125783']",Hal,Halle,Halle,01.01.0001,31.12.9999
49,Ninove,38.911,203,"72,57",536,"106,0",Oost-Vlaanderen,50.8353611,4.0242373,"['50.770473', '50.8717818', '3.9180599', '4.0754609']",-,Ninove,-,01.01.0001,31.12.9999
50,Maasmechelen,38.516,778,"76,28",505,"85,1",Limburg,50.9635024,5.696445,"['50.9103715', '51.0122743', '5.5951688', '5.767673']",-,Maasmechelen,-,02.01.1971,31.12.9999
51,Waregem,38.266,336,"44,34",863,"106,9",West-Vlaanderen,50.8868095,3.4323287,"['50.8450262', '50.9113908', '3.3204798', '3.476254']",-,Waregem,-,01.01.0001,31.12.9999
52,Brasschaat,37.946,1.354,"38,49",986,"125,7",Antwerpen,51.2930933,4.489307,"['51.2686423', '51.3508798', '4.4402507', '4.5587253']",-,Brasschaat,-,01.01.0001,31.12.9999
53,Grimbergen,37.542,549,"38,61",972,"118,9",Vlaams-Brabant,50.932458,4.3717863,"['50.9009406', '50.9906614', '4.3183434', '4.4263998']",-,Grimbergen,-,01.01.0001,31.12.9999
54,Mol,36.825,705,"114,26",322,"105,7",Antwerpen,51.1840421,5.1155267,"['51.1534761', '51.3226069', '5.0354139', '5.2421927']",-,Mol,-,01.01.0001,31.12.9999
55,Lier,36.242,229,"49,70",729,"109,3",Antwerpen,51.131069,4.5696516,"['51.0726727', '51.1657808', '4.5058463', '4.6430566']",Lierre,Lier,Lier,01.01.0001,31.12.9999
56,Châtelet,35.903,487,"27,03",1.328,"74,7",Henegouwen,50.4046075,4.5243511,"['50.3680688', '50.4437718', '4.4836697', '4.562851']",Châtelet,-,-,01.01.0001,31.12.9999
57,Evergem,35.447,198,"75,04",472,"111,5",Oost-Vlaanderen,51.11854595,3.70482093944223,"['51.087005', '51.1502786', '3.6473245', '3.7773899']",-,Evergem,-,01.01.0001,31.12.9999
58,Tienen,34.975,227,"71,77",487,"108,4",Vlaams-Brabant,50.80843175,4.94642921342942,"['50.7897443', '50.8268973', '4.9037967', '4.9823842']",Tirlemont,Tienen,Tienen,01.01.0001,31.12.9999
59,Ieper,34.845,116,"130,61",267,"100,3",West-Vlaanderen,50.85169675,2.8914736832759,"['50.8283082', '50.8749313', '2.8583458', '2.952383']",Ypres,Ieper,Ieper,01.01.0001,31.12.9999
60,Schoten,34.517,1.880,"29,55",1.168,"118,0",Antwerpen,51.2516344,4.4980446,"['51.2355561', '51.3041579', '4.4548997', '4.5529752']",-,Schoten,-,01.01.0001,31.12.9999
61,Waver,34.396,422,"41,80",823,"114,6",Waals-Brabant,50.7162425,4.60845,"['50.6826986', '50.7637583', '4.5297035', '4.6467709']",Wavre,Waver,-,01.01.0001,31.12.9999
62,Zaventem,34.368,875,"27,62",1.244,"103,4",Vlaams-Brabant,50.8806207,4.4730008,"['50.834319', '50.9024643', '4.4209813', '4.5363889']",-,Zaventem,-,01.01.0001,31.12.9999
63,Sint-Pieters-Leeuw,34.228,531,"40,38",848,"101,1",Vlaams-Brabant,50.78118355,4.24521861730643,"['50.7495439', '50.8129698', '4.2087627', '4.3010925']",-,Sint-Pieters-Leeuw,-,01.01.0001,31.12.9999
64,Lommel,34.079,1.371,"102,37",333,"99,0",Limburg,51.2305657,5.3076895,"['51.15755', '51.2757644', '5.214653', '5.4174115']",-,Lommel,-,01.01.0001,31.12.9999
65,Oudergem,34.013,726,"9,03",3.765,"103,5",Brussel,50.8172355,4.4268982,"['50.7897371', '50.826891', '4.3959299', '4.482277']",Auderghem,Oudergem,-,01.01.0001,31.12.9999
66,Heusden-Zolder,33.708,1.029,"53,23",633,"95,6",Limburg,51.0233485,5.2750485,"['50.9751713', '51.0725373', '5.2239722', '5.35685']",-,Heusden-Zolder,-,01.01.1977,31.12.9999
67,Binche,33.473,285,"60,66",552,"88,2",Henegouwen,50.4103004,4.165163,"['50.34925', '50.4469127', '4.0559717', '4.2524959']",Binche,-,-,01.01.2019,31.12.9999
67,Binche,33.473,285,"60,66",552,"88,2",Henegouwen,50.4103004,4.165163,"['50.34925', '50.4469127', '4.0559717', '4.2524959']",Binche,-,-,01.01.0001,31.12.2018
68,Geraardsbergen,33.439,145,"79,71",419,"105,1",Oost-Vlaanderen,50.7715779,3.8827287,"['50.7275691', '50.836933', '3.8036763', '4.003831']",Grammont,Geraardsbergen,Geraardsbergen,01.01.0001,31.12.9999
69,Menen,33.385,268,"33,07",1.009,"92,8",West-Vlaanderen,50.7969879,3.1156565,"['50.7552822', '50.8321795', '3.0805825', '3.2209985']",Menin,Menen,Menen,01.01.0001,31.12.9999
70,Asse,33.158,389,"49,64",668,"109,8",Vlaams-Brabant,50.913594,4.18043750728449,"['50.884526', '50.9426473', '4.1389758', '4.2425321']",-,Asse,-,01.01.0001,31.12.9999
71,Knokke-Heist,33.126,813,"56,44",587,"137,7",West-Vlaanderen,51.3433866,3.2884738,"['51.2961291', '51.3722842', '3.218315', '3.3853401']",-,Knokke-Heist,-,01.01.0001,31.12.9999
72,Pelt,32.902,967,"83,62",393,,Limburg,51.2197672,5.4299496,"['51.1642606', '51.2763994', '5.3201395', '5.5290541']",,Pelt,,01.01.2019,31.12.9999
73,Bilzen,32.328,346,"75,90",426,"100,4",Limburg,50.8707787,5.5181089,"['50.8163528', '50.9226424', '5.4405602', '5.6250127']",-,Bilzen,-,01.01.0001,31.12.9999
74,Ottignies-Louvain-la-Neuve,31.443,939,"32,96",954,"105,9",Waals-Brabant,50.6654216,4.5674107,"['50.6491927', '50.6964651', '4.4918779', '4.6483381']",Ottignies-Louvain-la-Neuve,-,-,02.01.1977,31.12.9999
75,Wevelgem,31.406,274,"38,76",810,"102,4",West-Vlaanderen,50.8121065,3.18644500626665,"['50.7939202', '50.8302164', '3.1434593', '3.2211547']",-,Wevelgem,-,01.01.0001,31.12.9999
76,Oudenaarde,31.393,148,"68,06",461,"110,8",Oost-Vlaanderen,50.8475306,3.6073048968342,"['50.8364012', '50.8585574', '3.5981619', '3.6254132']",Audenarde,Oudenaarde,Oudenaarde,01.01.0001,31.12.9999
77,Courcelles,31.299,299,"44,24",708,"83,1",Henegouwen,50.4574699,4.376008,"['50.4275986', '50.5239428', '4.2864606', '4.404908']",Courcelles,-,-,01.01.0001,31.12.9999
78,Tongeren,30.996,232,"87,56",354,"103,5",Limburg,50.7806267,5.4639172,"['50.7201495', '50.8223647', '5.3889662', '5.552954']",Tongres,Tongeren,Tongeren,01.01.0001,31.12.9999
79,Houthalen-Helchteren,30.655,1.379,"78,27",392,"90,5",Limburg,51.0281818,5.3713044,"['51.000655', '51.1040223', '5.3356206', '5.5221773']",-,Houthalen-Helchteren,-,01.01.1977,31.12.9999
80,Waterloo,30.328,947,"21,03",1.442,"123,5",Waals-Brabant,50.7153727,4.396367,"['50.6706279', '50.7359165', '4.3549831', '4.4413224']",Waterloo,-,-,01.01.0001,31.12.9999
81,Aarschot,30.115,338,"62,52",482,"113,8",Vlaams-Brabant,50.98550925,4.83374800692363,"['50.9581047', '51.0131002', '4.8003955', '4.8706121']",-,Aarschot,-,01.01.0001,31.12.9999
82,Temse,29.926,273,"39,91",750,"106,3",Oost-Vlaanderen,51.1421436,4.21335052785252,"['51.1087906', '51.1756294', '4.1772181', '4.2504759']",Tamise,Temse,Temse,01.01.0001,31.12.9999
83,Aarlen,29.858,272,"118,64",252,"116,3",Luxemburg,49.6827625,5.811919,"['49.621915', '49.727234', '5.6790251', '5.9106426']",Arlon,Aarlen,-,01.01.0001,31.12.9999
84,Aat,29.311,114,"126,95",231,"100,9",Henegouwen,50.6311349,3.7769485,"['50.5624603', '50.6974464', '3.6547134', '3.9133999']",Ath,Aat,-,01.01.0001,31.12.9999
85,Brecht,29.268,795,"90,84",322,"114,1",Antwerpen,51.3495582,4.6393435,"['51.2756306', '51.3823487', '4.5407768', '4.7235855']",-,Brecht,-,01.01.0001,31.12.9999
87,Nijvel,28.734,277,"60,60",474,"113,5",Waals-Brabant,50.5976885,4.3235854,"['50.5432244', '50.6352372', '4.2458068', '4.4066525']",Nivelles,Nijvel,-,01.01.0001,31.12.9999
88,Ans,28.373,412,"23,35",1.215,"90,4",Luik,50.6624326,5.5190612,"['50.6491629', '50.7229088', '5.4610085', '5.5524556']",Ans,-,-,01.01.0001,31.12.9999
89,Sambreville,28.288,375,"34,20",827,"87,0",Namen,50.4460443,4.6178902917413,"['50.4001053', '50.4924462', '4.572686', '4.6713061']",Sambreville,-,-,04.07.1978,31.12.9999
90,Herentals,28.177,473,"48,56",580,"109,2",Antwerpen,51.1855514,4.83464460984999,"['51.1551018', '51.2159099', '4.7756373', '4.8826216']",-,Herentals,-,01.01.0001,31.12.9999
91,Harelbeke,28.158,340,"29,14",966,"102,7",West-Vlaanderen,50.84497015,3.30921932061576,"['50.8177453', '50.8713318', '3.284705', '3.3491125']",-,Harelbeke,-,01.01.0001,31.12.9999
92,Izegem,28.018,236,"25,48",1.099,"102,7",West-Vlaanderen,50.91382225,3.2090654210557,"['50.8906834', '50.9368765', '3.1724721', '3.2437923']",-,Izegem,-,01.01.0001,31.12.9999
93,Zinnik,28.016,161,"110,30",254,"95,6",Henegouwen,50.5775309,4.0732968,"['50.5003614', '50.6336145', '3.9521708', '4.1305534']",Soignies,Zinnik,-,01.01.0001,31.12.9999
94,Sint-Joost-ten-Node,27.457,185,"1,14",24.037,"49,6",Brussel,50.8508197,4.3691634,"['50.8465511', '50.8600825', '4.3557754', '4.3831829']",Saint-Josse-ten-Noode,Sint-Joost-ten-Node,-,01.01.0001,31.12.9999
95,Andenne,27.391,222,"86,17",318,"90,8",Namen,50.4893981,5.0965468,"['50.4473749', '50.5315545', '4.9618491', '5.16409']",Andenne,-,-,01.01.0001,31.12.9999
96,Kapellen,26.850,1.072,"37,11",723,"126,7",Antwerpen,51.332759,4.43123183055578,"['51.3004388', '51.3644205', '4.3917068', '4.5190021']",-,Kapellen,-,01.01.0001,31.12.9999
97,Zottegem,26.582,175,"56,66",469,"118,5",Oost-Vlaanderen,50.86909165,3.81554601767985,"['50.8620344', '50.8761087', '3.8065172', '3.8373934']",-,Zottegem,-,01.01.0001,31.12.9999
98,Ronse,26.479,217,"34,48",768,"85,0",Oost-Vlaanderen,50.7476192,3.6020465,"['50.7210133', '50.7841934', '3.5378754', '3.6775202']",Renaix,Ronse,-,01.01.0001,31.12.9999
99,Willebroek,26.462,422,"27,41",966,"101,2",Antwerpen,51.0626964,4.35723246440333,"['51.0409491', '51.0844703', '4.3300794', '4.3917904']",-,Willebroek,-,01.01.0001,31.12.9999
100,Flémalle,26.304,293,"36,68",717,"88,6",Luik,50.6022808,5.4580872,"['50.557042', '50.629369', '5.3804516', '5.4889666']",Flémalle,-,-,01.01.1977,31.12.9999
101,Tubeke,26.233,484,"32,66",803,"90,5",Waals-Brabant,50.69302,4.204696,"['50.6521235', '50.7290783', '4.1309627', '4.2465439']",Tubize,Tubeke,-,01.01.0001,31.12.9999
102,Lievegem,26.162,133,"80,17",326,,Oost-Vlaanderen,51.12481035,3.58518178843266,"['51.074142', '51.17538', '3.5096511', '3.666909']",,Lievegem,,01.01.2019,31.12.9999
103,Mortsel,26.099,1.710,"7,78",3.353,"114,8",Antwerpen,51.1704119,4.4566996,"['51.1610297', '51.1895776', '4.433151', '4.4840387']",-,Mortsel,-,01.01.0001,31.12.9999
105,Puurs-Sint-Amands,25.882,210,"48,99",528,,Antwerpen,51.066411,4.2812346,"['51.0266328', '51.1021234', '4.1864725', '4.3603337']",,Puurs-Sint-Amands,,01.01.2019,31.12.9999
106,Lanaken,25.841,462,"59,00",438,"102,7",Limburg,50.8892784,5.6513208,"['50.8332557', '50.9445252', '5.571813', '5.724603']",-,Lanaken,-,01.01.0001,31.12.9999
107,Wetteren,25.815,236,"36,68",704,"107,8",Oost-Vlaanderen,50.9983603,3.87310405354379,"['50.9681768', '51.028343', '3.8206935', '3.923201']",-,Wetteren,-,01.01.0001,31.12.9999
108,Oupeye,25.446,316,"36,11",705,"95,6",Luik,50.7091889,5.6450671,"['50.6815349', '50.7531272', '5.5927078', '5.6920664']",Oupeye,-,-,01.01.0001,31.12.9999
109,Overijse,25.403,518,"44,43",572,"130,6",Vlaams-Brabant,50.7701622,4.5351806,"['50.7272784', '50.8080717', '4.4516688', '4.6135465']",-,Overijse,-,01.01.0001,31.12.9999
110,Maaseik,25.317,397,"76,91",329,"97,0",Limburg,51.0947181,5.791733,"['51.0187774', '51.129861', '5.6073296', '5.8338268']",-,Maaseik,-,01.01.0001,31.12.9999
111,Beersel,25.251,412,"30,01",842,"118,1",Vlaams-Brabant,50.7684353,4.30510975707024,"['50.7547668', '50.7821943', '4.2843378', '4.3387548']",-,Beersel,-,01.01.0001,31.12.9999
112,Watermaal-Bosvoorde,25.184,638,"12,93",1.947,"109,2",Brussel,50.7981063,4.4176441,"['50.7722458', '50.8150912', '4.3923973', '4.4702112']",Watermael-Boitsfort,Watermaal-Bosvoorde,-,01.01.0001,31.12.9999
113,Sint-Agatha-Berchem,25.179,3.747,"2,95",8.537,"85,6",Brussel,50.8649231,4.2946734,"['50.8552706', '50.8748901', '4.2791942', '4.3140336']",Berchem-Sainte-Agathe,Sint-Agatha-Berchem,-,01.01.0001,31.12.9999
114,Westerlo,25.051,437,"55,13",454,"109,1",Antwerpen,51.086694,4.9168675,"['51.0638251', '51.1477363', '4.8116505', '4.9480634']",-,Westerlo,-,01.01.0001,31.12.9999
115,Ganshoren,24.902,2.453,"2,46",10.142,"84,4",Brussel,50.8703273,4.307798,"['50.8657487', '50.8821034', '4.2914001', '4.3261046']",Ganshoren,Ganshoren,-,01.01.0001,31.12.9999
117,Merelbeke,24.660,332,"36,65",673,"124,6",Oost-Vlaanderen,50.99575615,3.74567419991459,"['50.9648362', '51.0273469', '3.7110963', '3.779177']",-,Merelbeke,-,01.01.0001,31.12.9999
118,Zwevegem,24.656,163,"63,24",390,"106,8",West-Vlaanderen,50.80406995,3.34190674262759,"['50.7795268', '50.828156', '3.3049548', '3.3792626']",-,Zwevegem,-,01.01.0001,31.12.9999
119,Saint-Nicolas,24.263,636,"6,84",3.546,"74,2",Luik,50.6305341,5.539419,"['50.6129221', '50.6513592', '5.5066107', '5.5492644']",Saint-Nicolas,-,-,01.01.0001,31.12.9999
120,Diest,23.998,190,"58,20",412,"112,8",Vlaams-Brabant,50.98456645,5.05287349625504,"['50.9731545', '50.9960722', '5.0324812', '5.0700614']",-,Diest,-,01.01.0001,31.12.9999
121,Maldegem,23.774,199,"94,64",251,"103,3",Oost-Vlaanderen,51.2088871,3.4452214,"['51.146858', '51.2744554', '3.360477', '3.544934']",-,Maldegem,-,01.01.0001,31.12.9999
122,Oostkamp,23.698,239,"79,65",298,"111,1",West-Vlaanderen,51.1511469,3.24972641333963,"['51.115734', '51.186519', '3.1915152', '3.2973646']",-,Oostkamp,-,01.01.0001,31.12.9999
123,Oudsbergen,23.532,781,"116,24",202,,Limburg,51.0933149,5.5540751,"['51.0188206', '51.1463397', '5.4544044', '5.6660666']",-,Oudsbergen,-,01.01.2019,31.12.9999
124,Zemst,23.358,399,"42,83",545,"130,9",Vlaams-Brabant,50.9842166,4.4650814,"['50.9465279', '51.0093147', '4.3694339', '4.5287027']",-,Zemst,-,01.01.0001,31.12.9999
125,Saint-Ghislain,23.311,207,"70,18",332,"94,5",Henegouwen,50.4477484,3.8195241,"['50.4382063', '50.5415289', '3.7365195', '3.8794189']",Saint-Ghislain,-,-,01.01.0001,31.12.9999
126,Manage,23.308,524,"19,60",1.189,"80,6",Henegouwen,50.5040159,4.2355599,"['50.4649718', '50.522387', '4.2040892', '4.2817323']",Manage,-,-,01.01.2019,31.12.9999
126,Manage,23.308,524,"19,60",1.189,"80,6",Henegouwen,50.5040159,4.2355599,"['50.4649718', '50.522387', '4.2040892', '4.2817323']",Manage,-,-,01.01.0001,31.12.2018
127,Scherpenheuvel-Zichem,23.029,381,"50,50",456,"109,2",Vlaams-Brabant,50.9799172,4.9729866,"['50.9530681', '51.0461797', '4.902425', '5.0222562']",Montaigu-Zichem,Scherpenheuvel-Zichem,Scherpenheuvel-Zichem,02.01.1977,31.12.9999
128,Nijlen,22.949,543,"39,09",587,"108,3",Antwerpen,51.1611887,4.67095173170495,"['51.1411123', '51.1810801', '4.6249515', '4.7202599']",-,Nijlen,-,01.01.0001,31.12.9999
129,Fleurus,22.918,227,"59,28",387,"87,4",Henegouwen,50.482944,4.549699,"['50.4379751', '50.5423059', '4.4782107', '4.6007581']",Fleurus,-,-,01.01.0001,31.12.9999
130,Zedelgem,22.819,281,"60,34",378,"108,6",West-Vlaanderen,51.1389736,3.1395587,"['51.083988', '51.1674434', '3.0574805', '3.2152735']",-,Zedelgem,-,01.01.0001,31.12.9999
131,Grâce-Hollogne,22.660,231,"34,24",662,"83,7",Luik,50.644955,5.503152,"['50.6139077', '50.6611272', '5.3493908', '5.5126066']",Grâce-Hollogne,-,-,01.01.1971,31.12.9999
132,Balen,22.618,467,"72,88",310,"103,2",Antwerpen,51.1707551,5.1696859,"['51.116142', '51.2111377', '5.0886974', '5.2622543']",-,Balen,-,01.01.0001,31.12.9999
133,Rixensart,22.558,746,"17,54",1.286,"125,4",Waals-Brabant,50.7122504,4.5216455,"['50.6950841', '50.7487935', '4.477272', '4.5666973']",Rixensart,-,-,01.01.0001,31.12.9999
134,Lochristi,22.489,253,"60,34",373,"118,8",Oost-Vlaanderen,51.09792835,3.83556137314955,"['51.074268', '51.1215188', '3.7866116', '3.8789317']",-,Lochristi,-,01.01.0001,31.12.9999
135,Tervuren,22.422,522,"32,92",681,"127,2",Vlaams-Brabant,50.8241883,4.5138824,"['50.7938148', '50.8674578', '4.4471762', '4.5864205']",-,Tervuren,-,01.01.0001,31.12.9999
136,Edegem,22.063,2.006,"8,65",2.550,"127,4",Antwerpen,51.1548066,4.4458312,"['51.1444366', '51.1732113', '4.3969953', '4.463714']",-,Edegem,-,01.01.0001,31.12.9999
137,Koekelberg,21.990,1.000,"1,17",18.755,"69,9",Brussel,50.8606042,4.3315503,"['50.8567758', '50.8676331', '4.3070126', '4.3377383']",Koekelberg,Koekelberg,-,01.01.0001,31.12.9999
138,Zoersel,21.944,1.280,"38,65",568,"119,2",Antwerpen,51.2624772,4.69216389230367,"['51.2392646', '51.2856643', '4.6440232', '4.7433341']",-,Zoersel,-,01.01.0001,31.12.9999
139,Frameries,21.934,172,"25,95",845,"84,6",Henegouwen,50.4087571,3.8905656,"['50.3422049', '50.4242963', '3.8380031', '3.9492926']",Frameries,-,-,01.01.0001,31.12.9999
140,Koksijde,21.910,893,"43,96",498,"135,2",West-Vlaanderen,51.1091101,2.63534260150223,"['51.0834698', '51.1351356', '2.6021169', '2.6691673']",-,Koksijde,-,01.01.0001,31.12.9999
142,Herent,21.682,447,"32,73",662,"136,3",Vlaams-Brabant,50.9029514,4.6728253,"['50.8784551', '50.946513', '4.5985044', '4.7024905']",-,Herent,-,01.01.0001,31.12.9999
143,Bornem,21.366,224,"45,76",467,"118,2",Antwerpen,51.09096325,4.23896772344979,"['51.0598325', '51.1216274', '4.1826086', '4.2795789']",-,Bornem,-,01.01.0001,31.12.9999
144,Hoogstraten,21.355,335,"105,32",203,"99,8",Antwerpen,51.39574085,4.74406564141858,"['51.3756418', '51.4161913', '4.7092841', '4.7853199']",-,Hoogstraten,-,01.01.0001,31.12.9999
145,Zonhoven,21.237,770,"39,34",540,"105,3",Limburg,50.9909835,5.3677683,"['50.9629612', '51.011948', '5.3010367', '5.4647881']",-,Zonhoven,-,01.01.0001,31.12.9999
146,Hoei,21.227,183,"47,74",445,"92,1",Luik,50.5180856,5.2408138,"['50.467667', '50.5388709', '5.1291778', '5.3237166']",Huy,Hoei,-,01.01.0001,31.12.9999
147,Eeklo,21.134,237,"30,05",703,"100,7",Oost-Vlaanderen,51.1844827,3.5665965,"['51.162342', '51.2188333', '3.508273', '3.609127']",-,Eeklo,-,01.01.0001,31.12.9999
148,Zele,21.125,184,"33,06",639,"97,8",Oost-Vlaanderen,51.0683621,4.0385864,"['51.032115', '51.1023619', '3.9718202', '4.0925235']",-,Zele,-,01.01.0001,31.12.9999
149,Kontich,21.115,485,"23,67",892,"126,2",Antwerpen,51.134377,4.4456359,"['51.0930232', '51.1498225', '4.3964534', '4.486627']",-,Kontich,-,01.01.0001,31.12.9999
150,Wuustwezel,20.970,543,"89,43",234,"104,4",Antwerpen,51.38525,4.56517434504015,"['51.3375747', '51.4328485', '4.5063004', '4.6413243']",-,Wuustwezel,-,01.01.0001,31.12.9999
151,Colfontaine,20.811,141,"13,62",1.528,"72,3",Henegouwen,50.4056635,3.8513958,"['50.3792096', '50.4346477', '3.8140558', '3.8718733']",Colfontaine,-,-,02.01.1977,31.12.9999
152,Chaudfontaine,20.800,401,"25,52",815,"129,3",Luik,50.5847922,5.6469688,"['50.5495905', '50.6148987', '5.5888879', '5.6807491']",Chaudfontaine,-,-,01.01.0001,31.12.9999
153,Sint-Katelijne-Waver,20.792,376,"36,12",576,"116,3",Antwerpen,51.06232435,4.51142781401469,"['51.0346518', '51.0897868', '4.462809', '4.5697592']",-,Sint-Katelijne-Waver,-,01.01.0001,31.12.9999
154,Dilsen-Stokkem,20.590,466,"65,61",314,"93,0",Limburg,51.0284779,5.7311405,"['50.9958517', '51.0823295', '5.6223653', '5.8011678']",-,Dilsen-Stokkem,-,28.07.1987,31.12.9999
155,Tielt,20.502,120,"68,50",299,"102,2",West-Vlaanderen,51.0002939,3.3273362,"['50.9610745', '51.0538674', '3.28629', '3.4525562']",-,Tielt,-,01.01.0001,31.12.9999
156,Torhout,20.463,241,"45,23",452,"103,5",West-Vlaanderen,51.0585915,3.09130720454545,"['51.013576', '51.103847', '3.0434739', '3.1579627']",-,Torhout,-,01.01.0001,31.12.9999
157,Blankenberge,20.436,713,"17,41",1.174,"101,4",West-Vlaanderen,51.31651475,3.13225603143341,"['51.3062882', '51.3266288', '3.1071895', '3.1559711']",-,Blankenberge,-,01.01.0001,31.12.9999
158,Denderleeuw,20.338,497,"13,77",1.477,"105,1",Oost-Vlaanderen,50.8834499,4.0816397,"['50.864534', '50.911647', '4.028659', '4.089654']",-,Denderleeuw,-,01.01.0001,31.12.9999
159,Kortenberg,20.279,449,"34,52",588,"125,2",Vlaams-Brabant,50.8858727,4.5390678,"['50.8558486', '50.9348443', '4.5150533', '4.614674']",-,Kortenberg,-,01.01.0001,31.12.9999
160,Boussu,19.824,217,"20,01",991,"77,4",Henegouwen,50.4331253,3.7960902,"['50.3949879', '50.4525039', '3.7582568', '3.8435475']",Boussu,-,-,01.01.0001,31.12.9999
161,Erpe-Mere,19.811,206,"34,03",582,"118,3",Oost-Vlaanderen,50.9226391,3.9459888,"['50.873878', '50.9559796', '3.8927333', '4.0112362']",-,Erpe-Mere,-,01.01.1977,31.12.9999
162,Poperinge,19.702,97,"119,33",165,"94,2",West-Vlaanderen,50.85257975,2.71249955847249,"['50.813372', '50.891857', '2.6580541', '2.7826723']",-,Poperinge,-,01.01.0001,31.12.9999
164,Schilde,19.652,950,"35,99",546,"141,6",Antwerpen,51.257095,4.59551821317663,"['51.2197795', '51.2956505', '4.5461346', '4.6331384']",-,Schilde,-,01.01.0001,31.12.9999
165,Meise,19.411,326,"34,82",557,"132,0",Vlaams-Brabant,50.9341625,4.3287322,"['50.9204116', '51.0043784', '4.2704571', '4.3535204']",-,Meise,-,01.01.0001,31.12.9999
166,Sint-Gillis-Waas,19.370,214,"54,98",352,"109,6",Oost-Vlaanderen,51.2179895,4.1286101,"['51.17543', '51.2928204', '4.0591166', '4.1666333']",-,Sint-Gillis-Waas,-,01.01.0001,31.12.9999
167,Middelkerke,19.336,313,"75,65",256,"103,1",West-Vlaanderen,51.18331695,2.8063401225473,"['51.1643568', '51.202037', '2.7739754', '2.8517612']",-,Middelkerke,-,01.01.0001,31.12.9999
168,Lebbeke,19.321,268,"26,92",718,"108,9",Oost-Vlaanderen,51.0004013,4.1307711,"['50.9670261', '51.0216527', '4.0711185', '4.1689591']",-,Lebbeke,-,01.01.0001,31.12.9999
169,Jemeppe-sur-Sambre,19.190,249,"46,80",410,"94,5",Namen,50.46299585,4.65459860124072,"['50.4427451', '50.4831042', '4.6333851', '4.677008']",Jemeppe-sur-Sambre,-,-,02.01.1977,31.12.9999
170,Morlanwelz,19.065,316,"20,26",941,"86,1",Henegouwen,50.4509843,4.2523562,"['50.4219781', '50.4746818', '4.1970488', '4.2832063']",Morlanwelz,-,-,01.01.2019,31.12.9999
170,Morlanwelz,19.065,316,"20,26",941,"86,1",Henegouwen,50.4509843,4.2523562,"['50.4219781', '50.4746818', '4.1970488', '4.2832063']",Morlanwelz,-,-,01.01.0001,31.12.2018
171,Zwijndrecht,19.056,548,"17,82",1.069,"111,3",Antwerpen,51.2185443,4.3302898,"['51.1843653', '51.261869', '4.2902985', '4.3569155']",-,Zwijndrecht,-,01.01.0001,31.12.9999
172,Essen,19.038,761,"47,48",401,"100,7",Antwerpen,51.4677957,4.4701309,"['51.4154863', '51.4823977', '4.379317', '4.5481609']",-,Essen,-,01.01.0001,31.12.9999
173,Diepenbeek,19.031,683,"41,19",462,"106,1",Limburg,50.9078485,5.4200307,"['50.874189', '50.9507023', '5.3651311', '5.479089']",-,Diepenbeek,-,01.01.0001,31.12.9999
174,Ranst,19.008,379,"43,58",436,"119,0",Antwerpen,51.1961732,4.56375636140093,"['51.1750533', '51.2174096', '4.5300817', '4.5933207']",-,Ranst,-,01.01.0001,31.12.9999
175,Quaregnon,19.007,256,"11,08",1.716,"75,8",Henegouwen,50.4421804,3.8636971,"['50.4113763', '50.4593221', '3.8284784', '3.8851582']",Quaregnon,-,-,01.01.0001,31.12.9999
176,Wervik,18.767,192,"43,61",430,"92,2",West-Vlaanderen,50.79981455,3.04298823299639,"['50.7697292', '50.8298611', '2.9986621', '3.0969179']",-,Wervik,-,01.01.0001,31.12.9999
177,Londerzeel,18.749,243,"36,29",517,"119,5",Vlaams-Brabant,51.0122466,4.29907294163378,"['50.9840243', '51.0405171', '4.2618683', '4.3334492']",-,Londerzeel,-,01.01.0001,31.12.9999
178,Stabroek,18.710,749,"21,51",870,"114,4",Antwerpen,51.33518735,4.37031201604402,"['51.313495', '51.3567032', '4.3262167', '4.4060693']",-,Stabroek,-,01.01.0001,31.12.9999
179,Lede,18.701,229,"29,69",630,"112,7",Oost-Vlaanderen,50.9698619,3.98787578201861,"['50.9525554', '50.9871703', '3.9451336', '4.0240394']",-,Lede,-,01.01.0001,31.12.9999
180,Kalmthout,18.695,680,"59,45",314,"113,1",Antwerpen,51.3832723,4.4763255,"['51.3524195', '51.4537909', '4.3836601', '4.5354089']",-,Kalmthout,-,01.01.0001,31.12.9999
181,Lessen,18.656,108,"72,29",258,"92,3",Henegouwen,50.7123036,3.8301131,"['50.6693987', '50.7516088', '3.745127', '3.9134557']",Lessines,Lessen,,01.01.2019,31.12.9999
181,Lessen,18.656,108,"72,29",258,"92,3",Henegouwen,50.7123036,3.8301131,"['50.6693987', '50.7516088', '3.745127', '3.9134557']",Lessines,Lessen,-,01.01.0001,31.12.2018
182,Kasterlee,18.655,414,"71,52",261,"113,4",Antwerpen,51.2487915,4.98953271076084,"['51.2132485', '51.2846403', '4.9374893', '5.032326']",-,Kasterlee,-,01.01.0001,31.12.9999
183,Haaltert,18.633,205,"30,30",615,"115,5",Oost-Vlaanderen,50.9022532,4.0057717,"['50.8585344', '50.9163512', '3.937102', '4.0414805']",-,Haaltert,-,01.01.0001,31.12.9999
184,Tessenderlo,18.613,570,"51,35",362,"108,5",Limburg,51.0681628,5.0893974,"['51.015482', '51.0854839', '4.9801293', '5.1838792']",-,Tessenderlo,-,01.01.0001,31.12.9999
185,Stekene,18.445,264,"44,80",412,"105,8",Oost-Vlaanderen,51.2104744,4.02404125321308,"['51.1759752', '51.2456784', '3.9777255', '4.0698835']",-,Stekene,-,01.01.0001,31.12.9999
186,Walcourt,18.430,167,"123,18",150,"101,2",Namen,50.2532022,4.4347509,"['50.2159594', '50.3289792', '4.285932', '4.5451613']",Walcourt,-,-,01.01.0001,31.12.9999
187,Sint-Genesius-Rode,18.387,654,"22,77",807,"133,8",Vlaams-Brabant,50.74503,4.3463687,"['50.7151041', '50.7733166', '4.3212035', '4.4240096']",Rhode-Saint-Genèse,Sint-Genesius-Rode,-,01.01.0001,31.12.9999
188,Destelbergen,18.271,336,"26,56",688,"125,1",Oost-Vlaanderen,51.0556204,3.7978887,"['50.993083', '51.0824688', '3.7560727', '3.844474']",-,Destelbergen,-,01.01.0001,31.12.9999
189,Boom,18.244,229,"7,37",2.477,"94,8",Antwerpen,51.0873789,4.3667216,"['51.080448', '51.1062013', '4.340287', '4.4062338']",-,Boom,-,01.01.0001,31.12.9999
190,Bredene,18.095,721,"13,08",1.384,"104,9",West-Vlaanderen,51.23890495,2.97257694682836,"['51.214313', '51.2634033', '2.9409715', '3.0125936']",-,Bredene,-,01.01.0001,31.12.9999
191,Beerse,18.084,1.297,"37,48",482,"111,0",Antwerpen,51.3134921,4.83754174982487,"['51.282533', '51.344377', '4.7758656', '4.8959774']",-,Beerse,-,01.01.0001,31.12.9999
192,Herzele,18.027,164,"47,40",380,"114,7",Oost-Vlaanderen,50.8848043,3.8935574,"['50.82172', '50.9181466', '3.8377467', '3.949081']",-,Herzele,-,01.01.0001,31.12.9999
193,Komen-Waasten,18.271,169,"61,09",295,"82,9",Henegouwen,50.7683055,3.0001175,"['50.6923535', '50.810512', '2.8420347', '3.029316']",Comines-Warneton,Komen-Waasten,,01.01.2019,31.12.9999
193,Komen-Waasten,18.271,169,"61,09",295,"82,9",Henegouwen,50.7683055,3.0001175,"['50.6923535', '50.810512', '2.8420347', '3.029316']",Comines-Warneton,Komen-Waasten,-,17.07.1982,31.12.2018
194,Wezet,17.812,230,"27,99",636,"94,2",Luik,50.7347797,5.6936397,"['50.671238', '50.8121222', '5.6482547', '5.724954']",Visé,Wezet,-,01.01.0001,31.12.9999
195,Fontaine-l'Evêque,17.806,330,"28,41",627,"84,4",Henegouwen,50.4117794,4.3246322,"['50.3661232', '50.4472299', '4.290438', '4.3564772']",Fontaine-l'Evêque,-,-,01.01.0001,31.12.9999
196,Putte,17.800,416,"34,96",509,"111,9",Antwerpen,51.0570823,4.6310473,"['51.0172114', '51.0868706', '4.5635107', '4.6892471']",-,Putte,-,01.01.0001,31.12.9999
197,Herve,17.609,139,"56,84",310,"102,8",Luik,50.6392112,5.7935245,"['50.5948597', '50.703202', '5.7299908', '5.8609072']",Herve,-,-,01.01.0001,31.12.9999
198,Duffel,17.491,413,"22,71",770,"113,5",Antwerpen,51.0957176,4.5061988,"['51.072574', '51.1169263', '4.4647516', '4.5752018']",-,Duffel,-,01.01.0001,31.12.9999
199,Marche-en-Famenne,17.465,289,"121,40",144,"91,4",Luxemburg,50.2265147,5.3407365,"['50.157298', '50.2786904', '5.2065336', '5.4722466']",Marche-en-Famenne,-,-,01.01.0001,31.12.9999
200,Pont-à-Celles,17.371,224,"55,73",312,"105,1",Henegouwen,50.5122563,4.3617367,"['50.4679776', '50.5628838', '4.3073943', '4.4564952']",Pont-à-Celles,-,-,01.01.0001,31.12.9999
201,Péruwelz,17.159,95,"60,56",283,"86,5",Henegouwen,50.5097897,3.5908864,"['50.4867209', '50.5800898', '3.4962569', '3.6291618']",Péruwelz,-,-,01.01.0001,31.12.9999
202,Aubange,17.093,433,"45,60",375,"88,6",Luxemburg,49.5671953,5.8044993,"['49.5388', '49.6117468', '5.7036732', '5.873255']",Aubange,-,-,01.01.0001,31.12.9999
203,Soumagne,16.925,321,"27,14",624,"99,3",Luik,50.6147718,5.739941,"['50.5992438', '50.6665238', '5.6891627', '5.76894']",Soumagne,-,-,01.01.0001,31.12.9999
204,Rotselaar,16.793,304,"37,57",447,"126,3",Vlaams-Brabant,50.9514713,4.7094054,"['50.928425', '50.9862828', '4.6699517', '4.8033347']",-,Rotselaar,-,01.01.0001,31.12.9999
205,Riemst,16.755,242,"57,88",289,"97,5",Limburg,50.8115825,5.5978716,"['50.7635019', '50.843358', '5.513876', '5.6882251']",-,Riemst,-,01.01.0001,31.12.9999
206,Kruibeke,16.745,153,"33,42",501,"110,5",Oost-Vlaanderen,51.17625475,4.29814784422281,"['51.15361', '51.1980491', '4.2502472', '4.3295832']",-,Kruibeke,-,01.01.0001,31.12.9999
207,Diksmuide,16.743,86,"149,40",112,"95,1",West-Vlaanderen,51.0333408,2.8647185,"['50.9753127', '51.1161778', '2.7432773', '2.9516269']",Dixmude,Diksmuide,Diksmuide,01.01.0001,31.12.9999
208,Dour,16.644,137,"33,32",500,"82,2",Henegouwen,50.3978815,3.7806897,"['50.3532085', '50.4206167', '3.7250145', '3.8525357']",Dour,-,-,01.01.0001,31.12.9999
209,Merchtem,16.583,257,"36,72",452,"122,0",Vlaams-Brabant,50.9591981,4.2327769,"['50.9089291', '50.9984755', '4.1814947', '4.3018417']",-,Merchtem,-,01.01.0001,31.12.9999
210,Ciney,16.580,236,"147,56",112,"96,0",Namen,50.2964911,5.1008664,"['50.2084653', '50.3404316', '5.002632', '5.2614722']",Ciney,-,-,01.01.0001,31.12.9999
211,Hannuit,16.571,150,"86,53",192,"105,5",Luik,50.6724649,5.0779916,"['50.5983981', '50.7161471', '4.9871544', '5.1624679']",Hannut,Hannuit,-,01.01.0001,31.12.9999
212,Lille,16.529,494,"59,40",278,"107,6",Antwerpen,51.238218,4.8242404,"['51.2069507', '51.2989944', '4.7613106', '4.9072917']",-,Lille,-,01.01.0001,31.12.9999
213,Fléron,16.526,476,"13,72",1.204,"93,4",Luik,50.6168354,5.6832219,"['50.5900061', '50.6449262', '5.6442254', '5.7162488']",Fléron,-,-,01.01.0001,31.12.9999
214,Wemmel,16.491,1.283,"8,74",1.886,"117,0",Vlaams-Brabant,50.9087716,4.3034586,"['50.8904657', '50.9280881', '4.2778019', '4.3390668']",-,Wemmel,-,01.01.0001,31.12.9999
215,Peer,16.357,513,"86,95",188,"98,2",Limburg,51.10874,5.44915721900614,"['51.0549941', '51.1642631', '5.4037811', '5.4957315']",-,Peer,-,01.01.0001,31.12.9999
217,Laakdal,16.101,343,"42,48",379,"105,9",Antwerpen,51.0802695,5.0073022,"['51.0348746', '51.115985', '4.9285206', '5.1065125']",-,Laakdal,-,03.01.1977,31.12.9999
218,Bree,16.085,387,"64,96",248,"98,6",Limburg,51.1386239,5.6229805058514,"['51.1101977', '51.1669363', '5.5803082', '5.7124915']",-,Bree,-,01.01.0001,31.12.9999
219,Bastenaken,15.985,249,"172,03",93,"91,5",Luxemburg,50.0023192,5.7173293,"['49.90779', '50.1161415', '5.6406483', '5.8699093']",Bastogne,Bastenaken,-,01.01.0001,31.12.9999
220,Landen,15.951,283,"54,05",295,"111,3",Vlaams-Brabant,50.7530146,5.0813154,"['50.7033512', '50.79479', '4.983916', '5.1214463']",-,Landen,-,01.01.0001,31.12.9999
221,Beernem,15.763,164,"71,68",220,"106,8",West-Vlaanderen,51.12774395,3.31450674987328,"['51.0989049', '51.1567396', '3.2738672', '3.3786036']",-,Beernem,-,01.01.0001,31.12.9999
222,Leopoldsburg,15.755,448,"22,49",701,"96,7",Limburg,51.1220584,5.26389242947846,"['51.0992093', '51.1471207', '5.2363117', '5.3011152']",Bourg-Léopold,Leopoldsburg,Leopoldsburg,01.01.0001,31.12.9999
223,Ternat,15.746,316,"24,48",643,"122,1",Vlaams-Brabant,50.8713392,4.1756966,"['50.8407022', '50.8896895', '4.1061103', '4.2067954']",-,Ternat,-,01.01.0001,31.12.9999
224,Zulte,15.720,232,"32,52",483,"106,9",Oost-Vlaanderen,50.9206638,3.4485632,"['50.8968873', '50.983615', '3.415221', '3.527927']",-,Zulte,-,01.01.0001,31.12.9999
225,Kruisem,15.641,87,"70,69",221,,Oost-Vlaanderen,50.9085536,3.5648916,"['50.8698154', '50.9530743', '3.4665418', '3.6866619']",,Kruisem,,01.01.2019,31.12.9999
226,Malle,15.561,657,"51,99",299,"108,7",Antwerpen,51.2970123,4.6933094,"['51.2424772', '51.3268591', '4.633685', '4.7766514']",-,Malle,-,19.10.1979,31.12.9999
228,Genepiën,15.427,154,"89,57",172,"115,1",Waals-Brabant,50.6108733,4.4510726,"['50.5540526', '50.658648', '4.3756033', '4.5415674']",Genappe,Genepiën,-,01.01.0001,31.12.9999
229,Borgworm,15.334,394,"31,04",494,"105,1",Luik,50.6976875,5.2546191,"['50.655556', '50.7290055', '5.2140809', '5.3134629']",Waremme,Borgworm,-,01.01.0001,31.12.9999
230,Dison,15.248,234,"14,01",1.089,"66,4",Luik,50.611374,5.854735,"['50.5967089', '50.6338626', '5.8381869', '5.9142441']",Dison,-,-,01.01.0001,31.12.9999
231,Rumst,15.090,423,"19,90",758,"117,7",Antwerpen,51.0792853,4.4240472,"['51.0715932', '51.1190771', '4.3588624', '4.4707218']",-,Rumst,-,01.01.0001,31.12.9999
232,Bonheiden,15.010,435,"29,27",513,"137,1",Antwerpen,51.0261294,4.53782177790724,"['51.0051311', '51.0468743', '4.5028193', '4.582706']",-,Bonheiden,-,01.01.0001,31.12.9999
233,Ravels,15.009,521,"94,99",158,"96,9",Antwerpen,51.3808625,5.01981229195184,"['51.3523921', '51.406849', '4.972941', '5.0711657']",-,Ravels,-,01.01.0001,31.12.9999
234,Berlare,14.958,194,"37,82",396,"109,5",Oost-Vlaanderen,51.0301606,4.01134702971542,"['51.0040288', '51.05606', '3.9769646', '4.04205']",-,Berlare,-,01.01.0001,31.12.9999
235,Tremelo,14.914,548,"21,57",691,"120,0",Vlaams-Brabant,50.9919047,4.7040582,"['50.9791738', '51.0268379', '4.6528631', '4.7743074']",-,Tremelo,-,01.01.0001,31.12.9999
236,Lummen,14.890,347,"53,38",279,"110,2",Limburg,51.00313255,5.20255899987306,"['50.964822', '51.0414409', '5.1301217', '5.2527203']",-,Lummen,-,01.01.0001,31.12.9999
237,Brakel,14.801,100,"56,46",262,"109,0",Oost-Vlaanderen,50.7979739,3.762778,"['50.7474365', '50.847271', '3.6991717', '3.819923']",-,Brakel,-,15.04.1971,31.12.9999
238,Chapelle-lez-Herlaimont,14.737,572,"18,10",814,"84,3",Henegouwen,50.4713265,4.2804202,"['50.4245633', '50.5070375', '4.2619957', '4.3269076']",Chapelle-lez-Herlaimont,-,-,01.01.0001,31.12.9999
239,Anzegem,14.716,125,"41,79",352,"107,7",West-Vlaanderen,50.8436655,3.46422356526908,"['50.82165', '50.866138', '3.4263192', '3.5034485']",-,Anzegem,-,01.01.0001,31.12.9999
240,Sprimont,14.712,283,"74,28",198,"115,4",Luik,50.5065636,5.6466570762919,"['50.4767818', '50.5364464', '5.583332', '5.7043926']",Sprimont,-,-,01.01.0001,31.12.9999
241,Thuin,14.702,161,"76,17",193,"102,3",Henegouwen,50.20822125,4.27206532203534,"['49.9417427', '50.4746818', '4.0273966', '4.4768241']",Thuin,-,-,01.01.0001,31.12.9999
242,Haacht,14.577,366,"30,57",477,"122,6",Vlaams-Brabant,50.9769286,4.6386824,"['50.9245211', '50.9945445', '4.5856875', '4.6894703']",-,Haacht,-,01.01.0001,31.12.9999
243,Lubbeek,14.559,315,"46,13",316,"135,8",Vlaams-Brabant,50.8815702,4.8416048,"['50.8517102', '50.9117475', '4.7479359', '4.9111331']",-,Lubbeek,-,01.01.0001,31.12.9999
244,Opwijk,14.547,335,"19,69",739,"117,4",Vlaams-Brabant,50.9690529,4.1896665,"['50.9319538', '50.9891228', '4.1429516', '4.2251725']",-,Opwijk,-,01.01.0001,31.12.9999
245,Herselt,14.523,322,"52,32",278,"106,5",Antwerpen,51.0554081,4.90180800313541,"['51.0196432', '51.0912324', '4.8282505', '4.9688914']",-,Herselt,-,01.01.0001,31.12.9999
246,Buggenhout,14.517,280,"25,25",575,"115,3",Oost-Vlaanderen,51.01131005,4.19279638866132,"['50.9822222', '51.0404007', '4.1540768', '4.23494']",-,Buggenhout,-,01.01.0001,31.12.9999
247,Amay,14.412,262,"27,61",522,"92,7",Luik,50.5497761,5.3240992,"['50.516469', '50.5918202', '5.2620223', '5.3502228']",Amay,-,-,01.01.0001,31.12.9999
248,Hamont-Achel,14.369,699,"43,66",329,"91,8",Limburg,51.2547636,5.5128696,"['51.2100574', '51.3001647', '5.4384145', '5.5603452']",-,Hamont-Achel,-,02.01.1977,31.12.9999
249,Aartselaar,14.293,949,"10,93",1.308,"127,6",Antwerpen,51.133297,4.3870241,"['51.1094962', '51.15104', '4.3537119', '4.40871']",-,Aartselaar,-,01.01.0001,31.12.9999
250,Wingene,14.263,114,"68,42",208,"100,8",West-Vlaanderen,51.06808895,3.2847683081115,"['51.0327853', '51.1044717', '3.2234757', '3.3495959']",-,Wingene,-,01.01.0001,31.12.9999
251,Wezembeek-Oppem,14.258,1.615,"6,82",2.091,"123,7",Vlaams-Brabant,50.8440554,4.4871796,"['50.8259795', '50.8620008', '4.4703927', '4.5173718']",-,Wezembeek-Oppem,-,01.01.0001,31.12.9999
252,Assenede,14.256,118,"87,22",163,"108,8",Oost-Vlaanderen,51.2275942,3.7532864,"['51.1674323', '51.2808306', '3.6125272', '3.7954734']",-,Assenede,-,01.01.0001,31.12.9999
253,Lasne,14.244,223,"47,22",302,"145,7",Waals-Brabant,50.6860037,4.4844157,"['50.6439362', '50.7241815', '4.3948548', '4.5263818']",Lasne,-,-,03.01.1977,31.12.9999
254,Geldenaken,14.123,117,"73,31",193,"108,6",Waals-Brabant,50.7218206,4.8709616,"['50.6776686', '50.7734494', '4.7730731', '4.9485635']",Jodoigne,Geldenaken,-,01.01.0001,31.12.9999
256,Ichtegem,14.050,191,"45,33",310,"96,4",West-Vlaanderen,51.08742745,3.02962221299275,"['51.0547128', '51.1201357', '2.9951425', '3.067424']",-,Ichtegem,-,01.01.0001,31.12.9999
257,Jabbeke,13.865,269,"53,76",258,"117,2",West-Vlaanderen,51.1846386,3.0902953889402,"['51.1633944', '51.2054532', '3.051738', '3.1180954']",-,Jabbeke,-,01.01.0001,31.12.9999
258,Leuze-en-Hainaut,13.850,86,"73,53",188,"94,6",Henegouwen,50.5988197,3.616727,"['50.5478349', '50.6458084', '3.5482372', '3.7137634']",Leuze-en-Hainaut,-,-,02.01.1977,31.12.9999
259,Edingen,13.817,171,"40,59",340,"105,8",Henegouwen,50.6957066,4.0411928,"['50.6307227', '50.713668', '3.9612715', '4.1140971']",Enghien,Edingen,,01.01.2019,31.12.9999
259,Edingen,13.817,171,"40,59",340,"105,8",Henegouwen,50.6957066,4.0411928,"['50.6307227', '50.713668', '3.9612715', '4.1140971']",Enghien,Edingen,-,01.01.0001,31.12.2018
260,Couvin,13.747,141,"206,93",66,"82,6",Namen,50.0524906,4.4955009,"['49.9372154', '50.140007', '4.385793', '4.605248']",Couvin,-,-,01.01.0001,31.12.9999
261,Wanze,13.738,232,"43,95",313,"105,6",Luik,50.5332587,5.2166503,"['50.5085754', '50.5825758', '5.1321679', '5.265836']",Wanze,-,-,01.01.0001,31.12.9999
262,Kraainem,13.730,1.996,"5,80",2.365,"125,1",Vlaams-Brabant,50.860961,4.4662618,"['50.8180288', '50.8671765', '4.4492207', '4.4925914']",-,Kraainem,-,01.01.0001,31.12.9999
263,Graven,13.668,199,"55,44",247,"121,7",Waals-Brabant,50.7386182,4.6962324,"['50.7007893', '50.7993834', '4.6202141', '4.7502678']",Grez-Doiceau,Graven,-,01.01.0001,31.12.9999
264,Oud-Turnhout,13.662,444,"38,80",352,"114,2",Antwerpen,51.3178319,4.9817086,"['51.276052', '51.363879', '4.961884', '5.057792']",-,Oud-Turnhout,-,01.01.0001,31.12.9999
265,Ham-sur-Heure-Nalinnes,13.623,240,"45,68",298,"119,5",Henegouwen,50.3171621,4.3803219,"['50.2897766', '50.3619523', '4.346604', '4.4768241']",Ham-sur-Heure-Nalinnes,-,-,03.01.1977,31.12.9999
266,Oosterzele,13.590,145,"43,12",315,"120,2",Oost-Vlaanderen,50.9513684,3.82133683714286,"['50.9306806', '50.9721337', '3.7818852', '3.8511351']",-,Oosterzele,-,01.01.0001,31.12.9999
267,Kuurne,13.484,537,"10,01",1.347,"100,8",West-Vlaanderen,50.8598118,3.2737318624845,"['50.8399463', '50.8798908', '3.2405402', '3.3016043']",-,Kuurne,-,01.01.0001,31.12.9999
268,Dinant,13.451,123,"99,80",135,"89,3",Namen,50.2591576,4.9130624,"['50.1802376', '50.3046782', '4.8544268', '5.0481081']",Dinant,-,-,01.01.0001,31.12.9999
269,Liedekerke,13.295,588,"10,08",1.319,"106,3",Vlaams-Brabant,50.8711313,4.0860754,"['50.8497196', '50.8888114', '4.0589791', '4.1263279']",-,Liedekerke,-,01.01.0001,31.12.9999
270,Arendonk,13.293,358,"55,38",240,"96,8",Antwerpen,51.3202315,5.0864557,"['51.2914104', '51.3934954', '5.029945', '5.1402503']",-,Arendonk,-,01.01.0001,31.12.9999
271,Blégny,13.292,237,"26,07",510,"106,0",Luik,50.6727185,5.7252372,"['50.6378964', '50.7074179', '5.6422621', '5.7751909']",Blégny,-,-,01.01.1977,31.12.9999
272,Boechout,13.266,504,"20,66",642,"125,8",Antwerpen,51.1596941,4.51040686514902,"['51.1295968', '51.1897156', '4.4800058', '4.5392734']",-,Boechout,-,01.01.0001,31.12.9999
273,Affligem,13.228,289,"17,70",747,"116,1",Vlaams-Brabant,50.9035063,4.1174675,"['50.8832339', '50.9326625', '4.0743031', '4.1504856']",-,Affligem,-,01.01.0001,31.12.9999
274,Bocholt,13.110,574,"59,34",221,"94,8",Limburg,51.1924818,5.59955819462679,"['51.16202', '51.2229166', '5.5336081', '5.659123']",-,Bocholt,-,01.01.0001,31.12.9999
275,Mettet,13.102,153,"116,78",112,"97,9",Namen,50.3212094,4.6584949,"['50.2612925', '50.3800531', '4.5823558', '4.7675663']",Mettet,-,-,01.01.0001,31.12.9999
276,Zandhoven,13.025,410,"40,10",325,"114,6",Antwerpen,51.2147918,4.6595103,"['51.1751122', '51.2485333', '4.6225634', '4.7426302']",-,Zandhoven,-,01.01.0001,31.12.9999
277,Esneux,12.917,423,"34,05",379,"118,1",Luik,50.5337249,5.57577274403242,"['50.503307', '50.5638675', '5.4972821', '5.612041']",Esneux,-,-,01.01.0001,31.12.9999
278,Wommelgem,12.865,860,"13,01",989,"111,5",Antwerpen,51.2031044,4.5238022,"['51.1866211', '51.2229932', '4.4821933', '4.5621361']",-,Wommelgem,-,01.01.0001,31.12.9999
279,Zelzate,12.854,360,"13,71",938,"98,9",Oost-Vlaanderen,51.2000036,3.8105002,"['51.181999', '51.2143278', '3.7650386', '3.8562032']",-,Zelzate,-,01.01.0001,31.12.9999
280,Keerbergen,12.850,557,"18,39",699,"148,8",Vlaams-Brabant,51.0049242,4.6265551,"['50.9853477', '51.0240321', '4.5985424', '4.7094896']",-,Keerbergen,-,01.01.0001,31.12.9999
281,Gavere,12.805,167,"31,35",409,"118,3",Oost-Vlaanderen,50.9293053,3.66718154097075,"['50.9180103', '50.9405891', '3.6487216', '3.7092987']",-,Gavere,-,01.01.0001,31.12.9999
282,Malmedy,12.741,158,"99,96",127,"95,2",Luik,50.4265348,6.0276059,"['50.3502602', '50.51904', '5.9695911', '6.1135626']",Malmedy,Malmedy,Malmedy,01.01.0001,31.12.9999
283,Gerpinnes,12.716,303,"47,10",270,"114,7",Henegouwen,50.3378166,4.5276771,"['50.3149205', '50.3792171', '4.457655', '4.5943447']",Gerpinnes,-,-,01.01.0001,31.12.9999
284,De Haan,12.666,581,"42,17",300,"115,2",West-Vlaanderen,51.275083,3.03169,"['51.219665', '51.3146054', '2.9842936', '3.115249']",-,De Haan,-,01.01.1977,31.12.9999
285,Herk-de-Stad,12.636,319,"42,83",295,"108,4",Limburg,50.9222911,5.18843018689534,"['50.8924257', '50.9518838', '5.1371713', '5.2299676']",Herck-la-Ville,Herk-de-Stad,Herk-de-Stad,01.01.0001,31.12.9999
286,Kortemark,12.616,114,"55,00",229,"94,7",West-Vlaanderen,51.03139765,3.03747099604352,"['51.0021134', '51.060993', '3.0060565', '3.070081']",-,Kortemark,-,01.01.0001,31.12.9999
287,Rochefort,12.611,243,"165,27",76,"89,5",Namen,50.1609485,5.2235332,"['50.0934552', '50.2382715', '5.0553812', '5.2842808']",Rochefort,-,-,01.01.0001,31.12.9999
288,Boortmeerbeek,12.516,372,"18,64",672,"130,7",Vlaams-Brabant,50.97828585,4.575800525,"['50.9582185', '50.998401', '4.551298', '4.6128738']",-,Boortmeerbeek,-,01.01.0001,31.12.9999
289,Olen,12.505,678,"23,17",540,"107,6",Antwerpen,51.1438611,4.8597257,"['51.1358304', '51.1966816', '4.8401447', '4.9267343']",-,Olen,-,01.01.0001,31.12.9999
290,Zonnebeke,12.481,123,"67,57",185,"98,4",West-Vlaanderen,50.8731885,2.9874678,"['50.8001267', '50.9288581', '2.938162', '3.0695863']",-,Zonnebeke,-,01.01.0001,31.12.9999
291,Aywaille,12.436,335,"79,97",156,"98,5",Luik,50.4734827,5.6742167,"['50.3954785', '50.5214526', '5.6238417', '5.7930427']",Aywaille,-,-,01.01.0001,31.12.9999
292,Hechtel-Eksel,12.419,513,"76,70",162,"99,9",Limburg,51.1340192,5.3780119,"['51.087636', '51.1818823', '5.2610001', '5.4375982']",-,Hechtel-Eksel,-,02.01.1977,31.12.9999
293,Laarne,12.370,141,"32,07",386,"121,1",Oost-Vlaanderen,51.0406809,3.85990354003467,"['51.0172871', '51.064098', '3.8230786', '3.8884509']",-,Laarne,-,01.01.0001,31.12.9999
294,Anderlues,12.261,381,"17,02",720,"82,8",Henegouwen,50.4079969,4.2696102,"['50.3796072', '50.4280635', '4.2278722', '4.293997']",Anderlues,-,-,01.01.0001,31.12.9999
295,Profondeville,12.220,203,"50,34",243,"109,6",Namen,50.3775772,4.8684278,"['50.3428034', '50.4109012', '4.7409161', '4.9191901']",Profondeville,-,-,01.01.0001,31.12.9999
296,Gistel,12.178,224,"42,25",288,"102,3",West-Vlaanderen,51.1582502,2.96708109482047,"['51.1343156', '51.1819048', '2.9213295', '3.0005196']",-,Gistel,-,01.01.0001,31.12.9999
297,Kinrooi,12.174,352,"54,76",222,"93,1",Limburg,51.14313325,5.74145646069855,"['51.1263992', '51.1611494', '5.698262', '5.7736298']",-,Kinrooi,-,01.01.0001,31.12.9999
298,Steenokkerzeel,12.135,334,"23,46",517,"121,9",Vlaams-Brabant,50.9093488,4.5110471,"['50.8890753', '50.9594195', '4.4577422', '4.5341245']",-,Steenokkerzeel,-,01.01.0001,31.12.9999
299,Rijkevorsel,12.060,832,"46,79",258,"99,3",Antwerpen,51.3495046,4.760708,"['51.3126022', '51.3926581', '4.7172558', '4.8278135']",-,Rijkevorsel,-,01.01.0001,31.12.9999
300,Theux,12.031,141,"83,36",144,"107,0",Luik,50.52586075,5.81989558437528,"['50.4893761', '50.562223', '5.7524126', '5.8828321']",Theux,-,-,01.01.0001,31.12.9999
301,Kampenhout,11.972,219,"33,49",357,"128,1",Vlaams-Brabant,50.94924405,4.57116308736937,"['50.9302659', '50.9681051', '4.523302', '4.6082728']",-,Kampenhout,-,01.01.0001,31.12.9999
302,Deerlijk,11.946,243,"16,82",710,"106,8",West-Vlaanderen,50.83878495,3.36227902291388,"['50.8113851', '50.8660488', '3.3238517', '3.3938386']",-,Deerlijk,-,01.01.0001,31.12.9999
303,Beyne-Heusay,11.929,312,"7,32",1.630,"88,7",Luik,50.6220566,5.6534141,"['50.611115', '50.6508573', '5.6354941', '5.6936097']",Beyne-Heusay,-,-,01.01.0001,31.12.9999
304,Veurne,11.903,107,"96,34",124,"99,8",West-Vlaanderen,51.071043,2.65488582372384,"['51.0516197', '51.0903413', '2.6009574', '2.7769063']",Furnes,Veurne,Veurne,01.01.0001,31.12.9999
305,Bernissart,11.859,144,"43,42",273,"89,2",Henegouwen,50.475502,3.6504677,"['50.4422651', '50.5146555', '3.6152205', '3.7538152']",Bernissart,-,-,01.01.0001,31.12.9999
306,Frasnes-lez-Anvaing,11.814,62,"112,44",105,"97,8",Henegouwen,50.68083725,3.62353927795887,"['50.6259107', '50.7348232', '3.4873202', '3.7314015']",Frasnes-lez-Anvaing,-,-,02.01.1977,31.12.9999
307,Chaumont-Gistoux,11.798,191,"48,09",245,"130,6",Waals-Brabant,50.6839808,4.6974182,"['50.6525109', '50.7234338', '4.6248155', '4.7704852']",Chaumont-Gistoux,-,-,01.01.0001,31.12.9999
308,Melle,11.736,418,"15,21",771,119,Oost-Vlaanderen,51.00303,3.7988833,"['50.9713514', '51.030899', '3.7630236', '3.8362315']",-,Melle,-,01.01.0001,31.12.9999
309,Wichelen,11.672,167,"22,87",510,"112,4",Oost-Vlaanderen,51.0020843,3.98064380989736,"['50.9802649', '51.0237913', '3.9562975', '4.0063422']",-,Wichelen,-,01.01.0001,31.12.9999
310,Roosdaal,11.631,211,"21,69",536,"116,5",Vlaams-Brabant,50.8341383,4.0972238,"['50.8115084', '50.8586188', '4.040669', '4.1505805']",-,Roosdaal,-,02.01.1965,31.12.9999
311,Nieuwpoort,11.621,267,"31,00",375,"107,2",West-Vlaanderen,51.14416005,2.72839560453671,"['51.1234561', '51.1648639', '2.7000052', '2.79869']",Nieuport,Nieuwpoort,Nieuwpoort,01.01.0001,31.12.9999
312,Nazareth,11.619,148,"35,19",330,"118,2",Oost-Vlaanderen,50.959802,3.5963218,"['50.9284869', '50.9882768', '3.538598', '3.678529']",-,Nazareth,-,01.01.0001,31.12.9999
313,Hemiksem,11.559,384,"5,44",2.126,"104,1",Antwerpen,51.1430192,4.3409826,"['51.1294732', '51.1615229', '4.3231508', '4.358432']",-,Hemiksem,-,01.01.0001,31.12.9999
314,Berlaar,11.527,340,"24,57",469,"108,4",Antwerpen,51.10303735,4.66403876345968,"['51.0752066', '51.1306383', '4.6051395', '4.7005561']",-,Berlaar,-,01.01.0001,31.12.9999
315,Alken,11.499,389,"28,14",409,"108,9",Limburg,50.8754731,5.3079873,"['50.8536797', '50.9103645', '5.2421351', '5.3520387']",-,Alken,-,01.01.0001,31.12.9999
316,Staden,11.489,125,"46,24",248,"95,2",West-Vlaanderen,50.97048785,3.00134062318699,"['50.9416492', '50.9993295', '2.9590661', '3.0501928']",-,Staden,-,01.01.0001,31.12.9999
317,Seneffe,11.433,110,"62,77",182,"107,0",Henegouwen,50.5293247,4.2568013,"['50.4963203', '50.6015914', '4.1862684', '4.3362831']",Seneffe,-,-,01.01.2019,31.12.9999
317,Seneffe,11.433,110,"62,77",182,"107,0",Henegouwen,50.5293247,4.2568013,"['50.4963203', '50.6015914', '4.1862684', '4.3362831']",Seneffe,-,-,01.01.0001,31.12.2018
318,Retie,11.396,432,"48,39",236,"103,5",Antwerpen,51.2675862,5.0843883,"['51.2181877', '51.297743', '5.0162812', '5.1590464']",-,Retie,-,01.01.0001,31.12.9999
319,Durbuy,11.395,144,"156,61",73,"90,4",Luxemburg,50.3524116,5.456248,"['50.2989035', '50.430377', '5.3417016', '5.6365246']",Durbuy,-,-,01.01.0001,31.12.9999
320,Virton,11.332,160,"94,49",120,"94,7",Luxemburg,49.5677263,5.5329559,"['49.5059543', '49.6394297', '5.5014019', '5.644178']",Virton,-,-,01.01.0001,31.12.9999
321,Hoeilaart,11.321,486,"20,43",554,"123,1",Vlaams-Brabant,50.7674846,4.474407,"['50.7351488', '50.7826953', '4.4052019', '4.5115336']",-,Hoeilaart,-,01.01.0001,31.12.9999
322,Farciennes,11.316,572,"10,39",1.090,"63,4",Henegouwen,50.4273228,4.553041,"['50.413497', '50.4509673', '4.5174142', '4.5797193']",Farciennes,-,-,01.01.0001,31.12.9999
323,Florennes,11.310,139,"133,55",85,"91,7",Namen,50.2514227,4.6030187,"['50.1977222', '50.323089', '4.5047793', '4.7882541']",Florennes,-,-,01.01.0001,31.12.9999
324,Libramont-Chevigny,11.276,290,"177,86",63,"97,3",Luxemburg,49.9156327,5.3762007,"['49.875493', '50.0255271', '5.291465', '5.5532116']",Libramont-Chevigny,-,-,02.01.1977,31.12.9999
325,Moorslede,11.250,143,"35,34",318,"97,8",West-Vlaanderen,50.89006565,3.07320759726416,"['50.8523123', '50.9279659', '3.0273331', '3.1174715']",-,Moorslede,-,01.01.0001,31.12.9999
326,Vosselaar,11.187,1.292,"11,85",944,"120,7",Antwerpen,51.3129153,4.8878026,"['51.2850783', '51.327181', '4.8371406', '4.914534']",-,Vosselaar,-,01.01.0001,31.12.9999
327,De Panne,11.176,874,"23,90",468,"101,2",West-Vlaanderen,51.09437775,2.58066968871412,"['51.0759279', '51.1133479', '2.5416488', '2.6176852']",La Panne,De Panne,De Panne,01.01.0001,31.12.9999
329,Grobbendonk,11.155,628,"28,36",393,"112,4",Antwerpen,51.1919904,4.7385027,"['51.1495237', '51.2162507', '4.6924603', '4.7930868']",-,Grobbendonk,-,01.01.0001,31.12.9999
330,Oud-Heverlee,11.112,459,"31,14",357,"144,4",Vlaams-Brabant,50.8372525,4.6627129,"['50.790988', '50.8522314', '4.6321112', '4.746464']",-,Oud-Heverlee,-,01.01.0001,31.12.9999
331,Kelmis,11.108,186,"18,12",613,"89,6",Luik,50.7154957,6.013341,"['50.6915553', '50.7542877', '5.9817358', '6.0616666']",La Calamine,Kelmis,Kelmis,01.01.0001,31.12.9999
332,Ingelmunster,10.996,192,"16,16",681,"101,4",West-Vlaanderen,50.92196635,3.26171897393295,"['50.896567', '50.9472718', '3.2296901', '3.2975138']",-,Ingelmunster,-,01.01.0001,31.12.9999
333,Damme,10.993,145,"89,52",123,"112,1",West-Vlaanderen,51.2553021,3.2920911130762,"['51.231586', '51.2788761', '3.2597053', '3.3342892']",-,Damme,-,01.01.0001,31.12.9999
334,Rebecq,10.979,237,"39,08",281,"101,3",Waals-Brabant,50.6645894,4.1355466,"['50.6293853', '50.7169781', '4.0917811', '4.1809909']",Rebecq,-,-,02.01.1977,31.12.9999
335,Borgloon,10.906,198,"51,12",213,"103,1",Limburg,50.8004351,5.35707001704645,"['50.7785297', '50.8222383', '5.3039619', '5.3807698']",Looz,Borgloon,Borgloon,01.01.0001,31.12.9999
336,Ham,10.897,476,"32,69",333,"102,1",Limburg,51.1054908,5.1609815,"['51.0737636', '51.1405323', '5.0949843', '5.2303645']",-,Ham,-,02.01.1977,31.12.9999
337,Meulebeke,10.860,122,"29,35",370,"98,2",West-Vlaanderen,50.9484788,3.2859605761212,"['50.9191312', '50.9779149', '3.2281729', '3.3526896']",-,Meulebeke,-,01.01.0001,31.12.9999
338,Borsbeek,10.854,2.079,"3,92",2.770,"104,9",Antwerpen,51.1928907,4.488953,"['51.1805746', '51.2038369', '4.4701749', '4.5090754']",-,Borsbeek,-,01.01.0001,31.12.9999
339,Waasmunster,10.801,201,"31,93",338,"123,3",Oost-Vlaanderen,51.1097147,4.0842158,"['51.0909356', '51.146286', '4.0122704', '4.1416769']",-,Waasmunster,-,01.01.0001,31.12.9999
341,Tielt-Winge,10.747,259,"44,16",243,"117,1",Vlaams-Brabant,50.9352867,4.9100433,"['50.8802653', '50.9632257', '4.8429537', '4.9518307']",-,Tielt-Winge,-,01.01.1977,31.12.9999
342,Aiseau-Presles,10.743,351,"22,19",484,"85,8",Henegouwen,50.4065228,4.584081,"['50.3666404', '50.4386628', '4.5303115', '4.6170433']",Aiseau-Presles,-,-,02.01.1977,31.12.9999
343,Villers-la-Ville,10.702,200,"47,45",226,"113,6",Waals-Brabant,50.579033,4.5324152,"['50.5254079', '50.6014877', '4.4535266', '4.5908744']",Villers-la-Ville,-,-,01.01.0001,31.12.9999
344,De Pinte,10.683,741,"17,98",594,"140,8",Oost-Vlaanderen,50.99270345,3.65180257596491,"['50.9712287', '51.0143512', '3.623631', '3.6846268']",-,De Pinte,-,01.01.0001,31.12.9999
345,Kasteelbrakel,10.549,276,"22,70",465,"116,0",Waals-Brabant,50.68088165,4.26666907261319,"['50.6588054', '50.7004388', '4.2376013', '4.3033516']",Braine-le-Château,Kasteelbrakel,-,01.01.0001,31.12.9999
347,Niel,10.501,313,"5,27",1.992,"100,4",Antwerpen,51.1098649,4.3303396,"['51.0951403', '51.1160405', '4.3079884', '4.3632067']",-,Niel,-,01.01.0001,31.12.9999
350,Hulshout,10.424,551,"17,35",601,"106,8",Antwerpen,51.07497005,4.79671488015621,"['51.061194', '51.0885818', '4.7668664', '4.8321233']",-,Hulshout,-,01.01.0001,31.12.9999
351,Fosses-la-Ville,10.388,223,"63,24",164,"96,2",Namen,50.3959512,4.6978935,"['50.3582784', '50.4281664', '4.5844305', '4.7989821']",Fosses-la-Ville,-,-,01.01.0001,31.12.9999
352,Jurbeke,10.383,155,"57,86",179,"109,6",Henegouwen,50.5325067,3.9113179,"['50.4886638', '50.5553709', '3.7999283', '3.9964931']",Jurbise,Jurbeke,-,01.01.0001,31.12.9999
353,Meerhout,10.361,285,"36,29",286,"104,9",Antwerpen,51.1317433,5.0772388,"['51.0980441', '51.1595502', '5.0111941', '5.1302243']",-,Meerhout,-,01.01.0001,31.12.9999
354,Sint-Lievens-Houtem,10.342,173,"26,67",388,"113,6",Oost-Vlaanderen,50.9206903,3.8601373,"['50.9025424', '50.9548297', '3.8234794', '3.9377746']",-,Sint-Lievens-Houtem,-,01.01.0001,31.12.9999
355,Spa,10.229,259,"39,85",257,"96,9",Luik,50.4920838,5.8626233,"['50.4336762', '50.5120846', '5.8153032', '5.9317147']",Spa,-,-,01.01.0001,31.12.9999
356,Avelgem,10.158,114,"21,75",467,"98,7",West-Vlaanderen,50.7754563,3.4470148,"['50.7402593', '50.8146462', '3.3901439', '3.5234452']",-,Avelgem,-,01.01.0001,31.12.9999
357,Begijnendijk,10.114,341,"17,62",574,"118,4",Vlaams-Brabant,51.02422075,4.78264222625802,"['51.0094302', '51.0389769', '4.7530552', '4.8112978']",-,Begijnendijk,-,01.01.0001,31.12.9999
358,Montigny-le-Tilleul,10.112,439,"15,10",670,"113,7",Henegouwen,50.3791631,4.3796745,"['50.3550875', '50.4042678', '4.3350667', '4.417827']",Montigny-le-Tilleul,-,-,01.01.0001,31.12.9999
359,Houthulst,10.098,148,"55,89",181,"94,1",West-Vlaanderen,50.97393945,2.94381718787169,"['50.9487062', '50.999135', '2.9219087', '2.973724']",-,Houthulst,-,01.01.0001,31.12.9999
360,Bierbeek,10.083,208,"39,73",254,"137,0",Vlaams-Brabant,50.8241245,4.77143180760294,"['50.7880884', '50.8601701', '4.6912135', '4.8157869']",-,Bierbeek,-,01.01.0001,31.12.9999
361,Holsbeek,10.019,234,"38,50",260,"125,7",Vlaams-Brabant,50.92172015,4.7557296717686,"['50.9060797', '50.9375187', '4.7156321', '4.7853378']",-,Holsbeek,-,01.01.0001,31.12.9999
362,Bertem,10.007,267,"29,75",336,"128,7",Vlaams-Brabant,50.8680644,4.6413477,"['50.8184205', '50.8909722', '4.5461659', '4.6600002']",-,Bertem,-,01.01.0001,31.12.9999
363,Erquelinnes,10.003,204,"44,23",226,"81,5",Henegouwen,50.3101002,4.1218718,"['50.2564012', '50.3496419', '4.0427878', '4.2199615']",Erquelinnes,-,-,01.01.0001,31.12.9999
364,Welkenraedt,10.002,544,"24,47",409,"98,4",Luik,50.6607788,5.9732784,"['50.6263556', '50.6994342', '5.8847187', '6.0009979']",Welkenraedt,-,-,01.01.0001,31.12.9999
365,Hooglede,9.987,125,"37,84",264,"104,5",West-Vlaanderen,50.98218015,3.06872158496388,"['50.957281', '51.0072267', '3.0184393', '3.1133849']",-,Hooglede,-,01.01.0001,31.12.9999
366,Neupré,9.923,407,"31,69",313,"130,5",Luik,50.5431751,5.4901079,"['50.5201268', '50.5717718', '5.4226823', '5.5546811']",Neupré,-,-,03.01.1977,31.12.9999
367,Huldenberg,9.921,193,"39,64",250,"124,2",Vlaams-Brabant,50.7950895,4.5828587400028,"['50.7726537', '50.8175261', '4.5553186', '4.627879']",-,Huldenberg,-,01.01.0001,31.12.9999
368,Wijnegem,9.816,902,"7,86",1.249,"115,0",Antwerpen,51.2270761,4.5225318,"['51.215625', '51.242163', '4.479944', '4.5530872']",-,Wijnegem,-,01.01.0001,31.12.9999
369,Chimay,9.805,111,"197,10",50,"83,1",Henegouwen,50.0479266,4.3173338,"['49.9417427', '50.1299353', '4.1966693', '4.4460853']",Chimay,-,-,01.01.0001,31.12.9999
370,Pepinster,9.772,311,"24,79",394,"90,7",Luik,50.5675217,5.8037101,"['50.5389028', '50.6033735', '5.7514528', '5.8554179']",Pepinster,-,-,01.01.0001,31.12.9999
371,Sankt Vith,9.722,132,"146,93",66,"98,6",Luik,50.2803881,6.1258953,"['50.2301068', '50.3528384', '5.978663', '6.3090275']",Saint-Vith,Sankt Vith,Sankt Vith,01.01.0001,31.12.9999
372,Ledegem,9.695,130,"24,76",392,"97,6",West-Vlaanderen,50.8535723,3.126416,"['50.8476974', '50.8924951', '3.0946306', '3.2085713']",-,Ledegem,-,01.01.0001,31.12.9999
373,Hoeselt,9.688,319,"30,02",323,"101,9",Limburg,50.8500788,5.4865309,"['50.8137382', '50.8884335', '5.4291176', '5.5133273']",-,Hoeselt,-,01.01.0001,31.12.9999
374,Wielsbeke,9.641,202,"21,76",443,"98,5",West-Vlaanderen,50.91140755,3.36040374889668,"['50.8953882', '50.9279264', '3.3243746', '3.388783']",-,Wielsbeke,-,01.01.0001,31.12.9999
375,Dessel,9.598,495,"27,03",355,"102,6",Antwerpen,51.2395713,5.113243,"['51.2186932', '51.2697126', '5.0499484', '5.1855713']",-,Dessel,-,01.01.0001,31.12.9999
376,Les Bons Villers,9.451,164,"42,55",222,"113,0",Henegouwen,50.5226424,4.4763492,"['50.4757489', '50.56466', '4.3729668', '4.5131967']",Les Bons Villers,-,-,02.01.1977,31.12.9999
377,Halen,9.427,326,"36,29",260,"107,0",Limburg,50.9384339,5.10739134444554,"['50.909013', '50.967728', '5.0415122', '5.1344437']",-,Halen,-,01.01.0001,31.12.9999
378,Kapelle-op-den-Bos,9.413,406,"15,25",617,"119,9",Vlaams-Brabant,51.01237055,4.35804460544657,"['50.9964979', '51.0282623', '4.3428273', '4.3903588']",-,Kapelle-op-den-Bos,-,01.01.0001,31.12.9999
379,Oudenburg,9.381,235,"35,38",265,"104,2",West-Vlaanderen,51.20118315,3.00610895201816,"['51.1780504', '51.2244607', '2.9362393', '3.0414501']",-,Oudenburg,-,01.01.0001,31.12.9999
380,Awans,9.318,240,"27,16",343,"105,1",Luik,50.6669712,5.4620018,"['50.6585351', '50.7390832', '5.4206526', '5.491373']",Awans,-,-,01.01.0001,31.12.9999
381,Perwijs,9.303,157,"50,81",183,"109,4",Waals-Brabant,50.6234469,4.8134719,"['50.5884824', '50.6796949', '4.733211', '4.8517506']",Perwez,Perwijs,-,01.01.0001,31.12.9999
382,Juprelle,9.295,238,"35,36",263,"107,9",Luik,50.7106926,5.5290689,"['50.6785182', '50.7493751', '5.4782625', '5.5994586']",Juprelle,-,-,01.01.0001,31.12.9999
383,Philippeville,9.289,150,"156,71",59,"90,8",Namen,50.196268,4.5436078,"['50.090652', '50.2314285', '4.476171', '4.729962']",Philippeville,-,-,01.01.0001,31.12.9999
384,La Bruyère,9.276,180,"52,98",175,"117,1",Namen,50.5356297,4.8275933,"['50.4868749', '50.5733553', '4.7445553', '4.8985075']",La Bruyère,-,-,03.01.1977,31.12.9999
385,Gooik,9.170,132,"39,70",231,"120,1",Vlaams-Brabant,50.7979738,4.10298406745109,"['50.7795272', '50.8164252', '4.0531028', '4.145169']",-,Gooik,-,01.01.0001,31.12.9999
386,Yvoir,9.167,229,"56,84",161,"105,6",Namen,50.3260425,4.877815,"['50.2807831', '50.3640931', '4.8537458', '5.0247884']",Yvoir,-,-,01.01.0001,31.12.9999
387,Beauraing,9.159,137,"174,55",52,"87,0",Namen,50.1101971,4.9567402,"['50.0174934', '50.1652724', '4.819088', '5.0807885']",Beauraing,-,-,01.01.0001,31.12.9999
388,Lennik,9.074,206,"30,80",295,"128,3",Vlaams-Brabant,50.8085632,4.1648626,"['50.7796631', '50.8432091', '4.1088986', '4.2116835']",-,Lennik,-,01.01.1977,31.12.9999
389,Herenthout,9.061,377,"23,55",385,"105,0",Antwerpen,51.1392427,4.7543972,"['51.1117448', '51.1646059', '4.7141128', '4.8104931']",-,Herenthout,-,01.01.0001,31.12.9999
390,Ardooie,9.056,94,"34,58",262,"103,0",West-Vlaanderen,50.9797876,3.1974259,"['50.9597876', '50.9997876', '3.1774259', '3.2174259']",-,Ardooie,-,01.01.0001,01.01.1977
390,Ardooie,9.056,94,"34,58",262,"103,0",West-Vlaanderen,50.9797876,3.1974259,"['50.9597876', '50.9997876', '3.1774259', '3.2174259']",-,Ardooie,-,01.01.1977,31.12.9999
391,Lichtervelde,8.926,149,"25,93",344,"100,8",West-Vlaanderen,51.03033065,3.14227177153376,"['50.9915884', '51.0687806', '3.0976196', '3.183481']",-,Lichtervelde,-,01.01.0001,31.12.9999
392,Orp-Jauche,8.924,125,"50,50",177,"107,0",Waals-Brabant,50.7001001,4.9889872,"['50.6395361', '50.7419849', '4.910992', '5.0172965']",Orp-Jauche,-,-,01.01.1977,31.12.9999
393,Bitsingen,8.905,123,"38,17",233,"100,0",Luik,50.7583596,5.6094772,"['50.7306901', '50.8077497', '5.5193829', '5.6873239']",Bassenge,Bitsingen,-,01.01.0001,31.12.9999
394,Bertrix,8.793,184,"137,70",64,"88,0",Luxemburg,49.8546564,5.2529266,"['49.7713996', '49.9322541', '5.1581888', '5.3664166']",Bertrix,-,-,01.01.0001,31.12.9999
395,Koekelare,8.777,156,"39,19",224,"96,5",West-Vlaanderen,51.09122995,2.96813958641654,"['51.0535536', '51.1288267', '2.9290348', '3.0145293']",-,Koekelare,-,01.01.0001,31.12.9999
396,Galmaarden,8.746,130,"34,93",250,"115,6",Vlaams-Brabant,50.7573013,3.95689999596193,"['50.7348186', '50.7797248', '3.9310356', '3.9862394']",Gammerages,Galmaarden,Galmaarden,01.01.0001,31.12.9999
397,Lint,8.718,652,"5,57",1.564,"124,0",Antwerpen,51.1268305,4.4922187,"['51.1155908', '51.1424046', '4.4722332', '4.5272758']",-,Lint,-,01.01.0001,31.12.9999
398,Le Roeulx,8.716,137,"42,80",204,"102,8",Henegouwen,50.5034034,4.112245,"['50.4626109', '50.5468161', '4.0392041', '4.1862507']",Le Roeulx,-,-,01.01.0001,31.12.9999
399,Merksplas,8.600,564,"44,56",193,"103,1",Antwerpen,51.3580597,4.8627541,"['51.336506', '51.4123307', '4.8080969', '4.933361']",-,Merksplas,-,01.01.0001,31.12.9999
400,Jalhay,8.585,182,"107,75",80,"109,8",Luik,50.5592528,5.9647526,"['50.466583', '50.5939467', '5.878022', '6.0733788']",Jalhay,-,-,01.01.0001,31.12.9999
401,Dentergem,8.555,116,"25,94",330,"100,9",West-Vlaanderen,50.96614065,3.40193622007735,"['50.9506515', '50.981693', '3.3611074', '3.4441843']",-,Dentergem,-,01.01.0001,31.12.9999
402,Schelle,8.518,583,"7,80",1.092,"114,7",Antwerpen,51.1245635,4.3361875,"['51.1127039', '51.1347163', '4.3086321', '4.3766262']",-,Schelle,-,01.01.0001,31.12.9999
403,Zoutleeuw,8.480,193,"46,73",181,"108,4",Vlaams-Brabant,50.8415653,5.11864474801466,"['50.8164529', '50.8665813', '5.0902346', '5.1487959']",Léau,Zoutleeuw,Zoutleeuw,01.01.0001,31.12.9999
404,Kortessem,8.442,227,"33,90",249,"107,4",Limburg,50.8600026,5.3865719,"['50.8077731', '50.8834474', '5.3524615', '5.4501365']",-,Kortessem,-,01.01.0001,31.12.9999
405,Sombreffe,8.440,161,"35,78",236,"102,2",Namen,50.5246589,4.6025925,"['50.4839382', '50.5696202', '4.557379', '4.6449393']",Sombreffe,-,-,01.01.0001,31.12.9999
406,Habay,8.409,114,"103,64",81,"107,6",Luxemburg,49.73558035,5.5932514325174,"['49.6868629', '49.7838008', '5.5001272', '5.7132222']",Habay,-,-,03.01.1977,31.12.9999
407,Gingelom,8.405,180,"56,49",149,"109,4",Limburg,50.7513838,5.13257894754343,"['50.7353144', '50.7675761', '5.1015377', '5.1617729']",-,Gingelom,-,01.01.0001,31.12.9999
408,Sint-Martens-Latem,8.392,340,"14,34",585,"159,0",Oost-Vlaanderen,51.020971,3.6397549,"['50.981746', '51.0353866', '3.5911288', '3.6550956']",-,Sint-Martens-Latem,-,01.01.0001,31.12.9999
409,Opzullik,8.324,94,"67,68",123,"110,1",Henegouwen,50.6484543,3.9235921,"['50.5902435', '50.6954989', '3.8765388', '4.0667533']",Silly,Opzullik,,01.01.2019,31.12.9999
409,Opzullik,8.324,94,"67,68",123,"110,1",Henegouwen,50.6484543,3.9235921,"['50.5902435', '50.6954989', '3.8765388', '4.0667533']",Silly,Opzullik,-,01.01.0001,31.12.2018
410,Boutersem,8.242,222,"30,75",268,"124,8",Vlaams-Brabant,50.8473461,4.83361780525583,"['50.8344946', '50.8602425', '4.8099156', '4.8594739']",-,Boutersem,-,01.01.0001,31.12.9999
411,Messancy,8.218,200,"52,43",157,"116,7",Luxemburg,49.5949862,5.8145736,"['49.5718621', '49.6600036', '5.7287981', '5.880087']",Messancy,-,-,01.01.0001,31.12.9999
412,As,8.202,1.376,"22,07",372,"101,3",Limburg,51.0005396,5.57220258524623,"['50.9773424', '51.023784', '5.52822', '5.6036676']",-,As,-,01.01.0001,31.12.9999
413,Trooz,8.199,197,"24,20",339,"101,3",Luik,50.5728102,5.6883726,"['50.5468299', '50.595343', '5.6408583', '5.773668']",Trooz,-,-,16.02.1977,31.12.9999
414,Zwalm,8.148,113,"33,82",241,"117,4",Oost-Vlaanderen,50.8793307,3.719334,"['50.8331257', '50.9120071', '3.6677504', '3.7673646']",-,Zwalm,-,13.09.1977,31.12.9999
415,Floreffe,8.144,211,"38,89",209,"105,2",Namen,50.4348064,4.758878,"['50.3928824', '50.4719129', '4.6951825', '4.8296116']",Floreffe,-,-,01.01.0001,31.12.9999
416,Quévy,8.138,114,"65,16",125,"102,3",Henegouwen,50.3667226,3.9439033,"['50.3269556', '50.4086835', '3.8608423', '4.0555819']",Quévy,-,-,02.01.1977,31.12.9999
417,Hove,8.125,1.306,"5,99",1.357,"143,3",Antwerpen,51.1486117,4.477387,"['51.1304268', '51.1632549', '4.4581444', '4.5104145']",-,Hove,-,01.01.0001,31.12.9999
417,Hove,8.125,1.306,"5,99",1.357,"143,3",Antwerpen,51.1486117,4.477387,"['51.1304268', '51.1632549', '4.4581444', '4.5104145']",Hoves,Hove,-,01.01.0001,02.01.1977
418,Brunehaut,8.080,97,"46,11",175,"89,9",Henegouwen,50.5175505,3.3873003,"['50.4910892', '50.5674244', '3.3213658', '3.4706071']",Brunehaut,-,-,01.01.1977,31.12.9999
419,Fernelmont,8.032,128,"65,61",122,"110,0",Namen,50.548118,4.9746742,"['50.5047369', '50.61848', '4.9170228', '5.0543397']",Fernelmont,-,-,03.01.1977,31.12.9999
420,Oostrozebeke,7.932,179,"16,62",477,"97,9",West-Vlaanderen,50.93434535,3.34682063729963,"['50.9042862', '50.9643942', '3.2861131', '3.3762465']",-,Oostrozebeke,-,01.01.0001,31.12.9999
421,Heuvelland,7.909,76,"94,24",84,"89,2",West-Vlaanderen,50.773569,2.8326917,"['50.7082562', '50.8273233', '2.7130028', '2.9605015']",-,Heuvelland,-,01.01.1977,31.12.9999
422,Kortenaken,7.875,214,"49,06",161,"108,7",Vlaams-Brabant,50.906611,5.0622937,"['50.8455559', '50.9325932', '4.9692098', '5.0922359']",-,Kortenaken,-,01.01.0001,31.12.9999
423,Vorselaar,7.861,441,"27,62",285,"108,1",Antwerpen,51.2023448,4.769482,"['51.1828762', '51.251216', '4.7261355', '4.8358337']",-,Vorselaar,-,01.01.0001,31.12.9999
424,Langemark-Poelkapelle,7.819,119,"52,53",149,"93,5",West-Vlaanderen,50.9122567,2.9338635,"['50.8683377', '50.9572901', '2.8434458', '2.9898722']",-,Langemark-Poelkapelle,-,01.01.1977,31.12.9999
425,Vielsalm,7.814,144,"139,76",56,"88,5",Luxemburg,50.2883685,5.9170187,"['50.2189131', '50.3484019', '5.709754', '6.0172839']",Vielsalm,-,-,01.01.0001,31.12.9999
426,Mont-Saint-Guibert,7.771,359,"18,63",417,"116,4",Waals-Brabant,50.6365628,4.6127019,"['50.6068792', '50.6631573', '4.5888876', '4.6676332']",Mont-Saint-Guibert,-,-,01.01.0001,31.12.9999
427,Wachtebeke,7.771,186,"34,53",225,"108,2",Oost-Vlaanderen,51.1701927,3.8574284,"['51.1440082', '51.2230191', '3.828959', '3.922068']",-,Wachtebeke,-,01.01.0001,31.12.9999
428,Estinnes,7.765,116,"72,73",107,"96,4",Henegouwen,50.3976702,4.0975758,"['50.3298029', '50.4304898', '4.0273966', '4.1856164']",Estinnes,-,-,01.01.2019,31.12.9999
428,Estinnes,7.765,116,"72,73",107,"96,4",Henegouwen,50.3976702,4.0975758,"['50.3298029', '50.4304898', '4.0273966', '4.1856164']",Estinnes,-,-,02.01.1977,31.12.2018
429,Neufchâteau,7.699,214,"113,79",68,"94,1",Luxemburg,49.8411765,5.4339147,"['49.7790702', '49.9041382', '5.3130452', '5.5293253']",Neufchâteau,-,-,01.01.0001,31.12.9999
430,Antoing,7.687,93,"31,13",247,"86,1",Henegouwen,50.5659549,3.4511246,"['50.5276525', '50.5875989', '3.4080817', '3.5285762']",Antoing,-,-,01.01.0001,31.12.9999
431,Chastre,7.647,193,"31,27",245,"114,1",Waals-Brabant,50.6103813,4.6441773,"['50.5602292', '50.6312703', '4.5732978', '4.6730429']",Chastre,-,-,02.01.1977,31.12.9999
432,Weismes,7.425,147,"96,93",77,"90,4",Luik,50.4149134,6.1117543,"['50.3741838', '50.5704209', '6.0625765', '6.1983499']",Waimes,Weismes,-,01.01.0001,31.12.9999
433,Dalhem,7.408,119,"36,06",205,"110,6",Luik,50.7139302,5.7229816,"['50.6810603', '50.7554724', '5.7014815', '5.8187135']",Dalhem,-,-,01.01.0001,31.12.9999
434,Heers,7.391,159,"53,07",139,"100,6",Limburg,50.74724685,5.30493403960353,"['50.7282758', '50.76619', '5.271167', '5.3386044']",-,Heers,-,01.01.0001,31.12.9999
435,Wellen,7.372,235,"26,72",276,"105,4",Limburg,50.8414946,5.337092,"['50.8118344', '50.8675561', '5.2646904', '5.3722702']",-,Wellen,-,01.01.0001,31.12.9999
436,Hamois,7.357,190,"76,42",96,"100,0",Namen,50.3408694,5.1594475,"['50.290501', '50.3835677', '5.0241833', '5.2381488']",Hamois,-,-,01.01.0001,31.12.9999
437,Terhulpen,7.343,446,"15,60",471,"124,0",Waals-Brabant,50.7313729,4.4893987,"['50.7156773', '50.7567934', '4.4238853', '4.5125513']",La Hulpe,Terhulpen,-,01.01.0001,31.12.9999
438,Zutendaal,7.289,785,"32,07",227,"105,4",Limburg,50.9318992,5.5725548,"['50.8951037', '50.9773424', '5.528967', '5.614382']",-,Zutendaal,-,01.01.0001,31.12.9999
439,Linter,7.269,172,"36,37",200,"110,6",Vlaams-Brabant,50.8291537,5.0409717,"['50.7760443', '50.8684186', '4.992163', '5.093822']",-,Linter,-,01.04.1972,31.12.9999
440,Bevekom,7.243,145,"38,58",188,"119,1",Waals-Brabant,50.7808981,4.7717304,"['50.7395819', '50.807388', '4.6979895', '4.8385692']",Beauvechain,Bevekom,-,01.01.0001,31.12.9999
441,Gesves,7.202,137,"64,92",111,"109,0",Namen,50.4028535,5.0776175,"['50.3731307', '50.4625565', '4.9595188', '5.1451145']",Gesves,-,-,01.01.0001,31.12.9999
442,Walhain,7.187,154,"37,94",189,"122,3",Waals-Brabant,50.6180106,4.6953383,"['50.5942407', '50.6653424', '4.625939', '4.746397']",Walhain,-,-,03.01.1977,31.12.9999
443,Stavelot,7.169,148,"85,07",84,"95,1",Luik,50.3940846,5.9308362,"['50.3353909', '50.4962665', '5.8512361', '6.0295328']",Stavelot,-,-,01.01.0001,31.12.9999
444,Beaumont,7.124,100,"92,97",77,"90,6",Henegouwen,50.2355294,4.2383115,"['50.158939', '50.2949336', '4.1651497', '4.345648']",Beaumont,-,-,01.01.0001,31.12.9999
445,Anhée,7.046,170,"65,67",107,"93,8",Namen,50.3101511,4.8776042,"['50.2800985', '50.3617486', '4.7262988', '4.8968352']",Anhée,-,-,01.01.0001,31.12.9999
446,Assesse,7.032,177,"78,16",90,"109,2",Namen,50.3704203,5.0233625,"['50.3329602', '50.418499', '4.8958345', '5.1005042']",Assesse,-,-,01.01.0001,31.12.9999
448,Chièvres,6.916,103,"46,91",147,"96,4",Henegouwen,50.5879821,3.8056885,"['50.5264911', '50.6137828', '3.7139038', '3.8373399']",Chièvres,-,-,01.01.0001,31.12.9999
449,Itter,6.889,158,"34,92",197,"113,9",Waals-Brabant,50.6501961,4.2637077,"['50.613202', '50.6793929', '4.1968833', '4.3244563']",Ittre,Itter,-,01.01.0001,31.12.9999
450,Hoegaarden,6.886,154,"33,93",203,"121,1",Vlaams-Brabant,50.7877912,4.88114193614004,"['50.7627503', '50.8130003', '4.8310571', '4.9242925']",-,Hoegaarden,-,01.01.0001,31.12.9999
451,Hensies,6.828,119,"25,99",263,"84,4",Henegouwen,50.4328388,3.6847215,"['50.4120377', '50.4639986', '3.6555184', '3.7815346']",Hensies,-,-,01.01.0001,31.12.9999
452,Quiévrain,6.822,163,"21,22",321,"80,6",Henegouwen,50.4048739,3.6829049,"['50.3700563', '50.4223235', '3.6686516', '3.7440581']",Quiévrain,-,-,01.01.0001,31.12.9999
453,Saint-Georges-sur-Meuse,6.803,150,"20,90",326,"98,0",Luik,50.6000686,5.3579041,"['50.560679', '50.6334217', '5.3261449', '5.3944402']",Saint-Georges-sur-Meuse,-,-,01.01.0001,31.12.9999
454,Sint-Laureins,6.783,86,"74,50",91,"105,2",Oost-Vlaanderen,51.2417048,3.5238418,"['51.215518', '51.3059465', '3.4757354', '3.6869963']",-,Sint-Laureins,-,01.01.0001,31.12.9999
455,Pittem,6.738,89,"34,42",196,"99,0",West-Vlaanderen,50.99996475,3.26227300344532,"['50.9644605', '51.0354086', '3.2219183', '3.3122758']",-,Pittem,-,01.01.0001,31.12.9999
456,Herne,6.665,84,"44,63",149,"118,3",Vlaams-Brabant,50.72329555,4.02601156634966,"['50.6943943', '50.7520021', '3.975087', '4.0795995']",-,Herne,-,01.01.0001,31.12.9999
457,Lierde,6.616,122,"26,13",253,"112,2",Oost-Vlaanderen,50.815045,3.8249605,"['50.7747334', '50.8382329', '3.783599', '3.882284']",-,Lierde,-,01.01.1977,31.12.9999
458,Ramillies,6.522,112,"48,68",134,"108,5",Waals-Brabant,50.6366892,4.9148994,"['50.615053', '50.7039533', '4.8306039', '4.9409716']",Ramillies,-,-,02.01.1977,31.12.9999
459,Villers-le-Bouillet,6.496,150,"32,71",199,"104,0",Luik,50.5750242,5.2619239,"['50.5513311', '50.62979', '5.189631', '5.2973896']",Villers-le-Bouillet,-,-,01.01.0001,31.12.9999
460,Kluisbergen,6.488,82,"30,38",214,"106,8",Oost-Vlaanderen,50.7782986,3.5212498,"['50.757684', '50.8112614', '3.4589203', '3.5877963']",-,Kluisbergen,-,01.01.1971,31.12.9999
461,Moerbeke,6.481,162,"37,80",171,"112,3",Oost-Vlaanderen,51.1742698,3.9446436,"['51.1367202', '51.2254125', '3.901782', '3.9986576']",-,Moerbeke,-,01.01.0001,22.03.1977
462,Kaprijke,6.434,95,"33,71",191,"109,2",Oost-Vlaanderen,51.2185075,3.6190769,"['51.1676409', '51.2494005', '3.574743', '3.6652653']",-,Kaprijke,-,01.01.0001,31.12.9999
463,Wortegem-Petegem,6.397,69,"41,96",152,"116,2",Oost-Vlaanderen,50.8485315,3.5375547,"['50.8054577', '50.8867158', '3.4513195', '3.5893702']",-,Wortegem-Petegem,-,01.10.1971,31.12.9999
464,Braives,6.375,126,"44,00",145,"105,7",Luik,50.6300711,5.1435257,"['50.570867', '50.6493565', '5.0805811', '5.209714']",Braives,-,-,01.01.0001,31.12.9999
465,Maarkedal,6.343,67,"45,63",139,"116,2",Oost-Vlaanderen,50.7973072,3.642779,"['50.7648138', '50.830062', '3.5777', '3.7120612']",-,Maarkedal,-,01.01.1977,31.12.9999
466,Bekkevoort,6.306,319,"37,17",170,"110,1",Vlaams-Brabant,50.9338977,4.98461697152198,"['50.8994571', '50.9684437', '4.9335229', '5.0201513']",-,Bekkevoort,-,01.01.0001,31.12.9999
467,Engis,6.138,263,"27,74",221,"84,0",Luik,50.582433,5.4043113,"['50.5318924', '50.5930509', '5.3336548', '5.4402056']",Engis,-,-,02.01.1977,31.12.9999
467,Engis,6.138,263,"27,74",221,"84,0",Luik,50.582433,5.4043113,"['50.5318924', '50.5930509', '5.3336548', '5.4402056']",Engis,-,-,01.01.0001,02.01.1977
468,Geetbets,6.118,211,"35,17",174,"104,1",Vlaams-Brabant,50.8917946,5.1144682,"['50.8578802', '50.9215428', '5.0654857', '5.1880307']",-,Geetbets,-,01.01.0001,31.12.9999
469,Hastière,6.022,227,"56,46",107,"82,9",Namen,50.1969874,4.82243035141818,"['50.1483535', '50.2474181', '4.752475', '4.9003468']",Hastière,-,-,03.01.1977,31.12.9999
470,Elzele,5.975,63,"44,69",134,"101,4",Henegouwen,50.7338701,3.6802062,"['50.6839311', '50.77348', '3.6380705', '3.766733']",Ellezelles,Elzele,-,01.01.0001,31.12.9999
471,Limburg,5.912,220,"24,63",240,"91,0",Luik,50.99780495,5.44552873206813,"['50.6953611', '51.3001647', '4.9801293', '5.9112191']",Limbourg,Limburg,-,01.01.0001,31.12.9999
472,Remicourt,5.906,220,"22,58",262,"112,3",Luik,50.6807151,5.3267174,"['50.6656963', '50.7039196', '5.2883994', '5.3965425']",Remicourt,-,-,01.01.0001,31.12.9999
473,Etalle,5.877,132,"78,10",75,"115,0",Luxemburg,49.6729527,5.5982415,"['49.6213468', '49.7114968', '5.5256188', '5.699506']",Etalle,-,-,01.01.0001,31.12.9999
474,Lobbes,5.832,145,"32,08",182,"102,2",Henegouwen,50.3460194,4.2654874,"['50.3189675', '50.3889109', '4.1839478', '4.3041156']",Lobbes,-,-,01.01.0001,31.12.9999
476,Nandrin,5.753,220,"35,90",160,"125,5",Luik,50.506355,5.4190411,"['50.4888116', '50.5438899', '5.3348763', '5.4769378']",Nandrin,-,-,01.01.0001,31.12.9999
477,Lendelede,5.747,150,"13,15",437,"105,6",West-Vlaanderen,50.885297,3.23126265403859,"['50.8713632', '50.8993042', '3.1876055', '3.2727767']",-,Lendelede,-,01.01.0001,31.12.9999
478,Thimister-Clermont,5.700,125,"28,73",199,"108,6",Luik,50.66298735,5.86344864634069,"['50.6264689', '50.6982587', '5.8251051', '5.9188772']",Thimister-Clermont,-,-,02.01.1977,31.12.9999
479,Pecq,5.698,88,"32,91",173,"93,6",Henegouwen,50.685616,3.3407492,"['50.6474602', '50.7227614', '3.3030716', '3.3992817']",Pecq,-,-,01.01.0001,31.12.9999
480,Drogenbos,5.689,961,"2,49",2.284,"92,1",Vlaams-Brabant,50.786532,4.3173542,"['50.7797078', '50.8130513', '4.2885805', '4.3257641']",-,Drogenbos,-,01.01.0001,31.12.9999
482,Viroinval,5.659,103,"120,90",47,"82,8",Namen,50.0516361,4.6270287,"['49.985364', '50.11392', '4.5265006', '4.72194']",Viroinval,-,-,02.01.1977,31.12.9999
483,Somme-Leuze,5.641,152,"95,09",59,"93,0",Namen,50.336585,5.3669021,"['50.2392538', '50.3886267', '5.2142696', '5.4026708']",Somme-Leuze,-,-,01.01.0001,31.12.9999
484,Vaux-sur-Sûre,5.640,137,"135,87",42,"92,3",Luxemburg,49.9104994,5.5663094,"['49.8670305', '50.0126254', '5.4955641', '5.7131704']",Vaux-sur-Sûre,-,-,02.01.1971,31.12.9999
485,Bütgenbach,5.610,141,"97,31",58,"91,8",Luik,50.4267259,6.2053573,"['50.3938251', '50.5310926', '6.1307252', '6.3018876']",Butgenbach,Bütgenbach,Bütgenbach,01.01.0001,31.12.9999
486,Attert,5.578,118,"70,94",79,"129,8",Luxemburg,49.7514982,5.7872217,"['49.6966359', '49.7966518', '5.6767847', '5.8326283']",Attert,-,-,01.01.0001,31.12.9999
487,Florenville,5.578,80,"146,91",38,"91,3",Luxemburg,49.6993182,5.3100518,"['49.6107783', '49.7812721', '5.147088', '5.4249504']",Florenville,-,-,01.01.0001,31.12.9999
488,Saint-Hubert,5.569,121,"111,16",50,"90,3",Luxemburg,50.0251428,5.3738561,"['49.9812306', '50.0959197', '5.2289208', '5.4604562']",Saint-Hubert,-,-,01.01.0001,31.12.9999
489,Hotton,5.556,211,"57,32",97,"86,1",Luxemburg,50.2688011,5.4463304,"['50.2162411', '50.3189', '5.3695106', '5.5042163']",Hotton,-,-,01.01.0001,31.12.9999
490,Nassogne,5.498,122,"111,96",49,"93,4",Luxemburg,50.1294031,5.3455462,"['50.0786719', '50.1984233', '5.2426885', '5.4662497']",Nassogne,-,-,01.01.0001,31.12.9999
491,Incourt,5.487,106,"38,79",141,"112,2",Waals-Brabant,50.6918004,4.798944,"['50.6539586', '50.7494307', '4.7323452', '4.85174']",Incourt,-,-,01.01.0001,31.12.9999
492,Büllingen,5.478,121,"150,49",36,"89,8",Luik,50.4075533,6.257827,"['50.305187', '50.5014641', '6.2153537', '6.408097']",Bullange,Büllingen,Büllingen,01.01.0001,31.12.9999
493,Amel,5.474,134,"125,15",44,"92,7",Luik,50.3543055,6.1705559,"['50.2843007', '50.4048563', '6.0698834', '6.2860473']",Amblève,Amel,Amel,01.01.0001,31.12.9999
494,Léglise,5.471,176,"172,92",32,"98,4",Luxemburg,49.8003582,5.5381496,"['49.7349998', '49.900915', '5.4105755', '5.7053411']",Léglise,-,-,01.01.0001,31.12.9999
495,Marchin,5.469,188,"30,00",182,"103,1",Luik,50.4802051,5.2263372,"['50.4272169', '50.5077577', '5.1988751', '5.2845644']",Marchin,-,-,01.01.0001,31.12.9999
496,Bouillon,5.411,79,"149,09",36,"89,0",Luxemburg,49.7949836,5.0672528,"['49.7091976', '49.8836831', '4.9684415', '5.1899373']",Bouillon,-,-,01.01.0001,31.12.9999
497,Comblain-au-Pont,5.404,331,"22,68",238,"91,7",Luik,50.4756986,5.5748498,"['50.4591746', '50.5121025', '5.535316', '5.6357646']",Comblain-au-Pont,-,-,01.01.0001,31.12.9999
498,Paliseul,5.389,181,"112,96",48,"86,1",Luxemburg,49.9035269,5.1349041,"['49.8254937', '49.9931981', '5.0427983', '5.2015202']",Paliseul,-,-,01.01.0001,31.12.9999
499,Héron,5.375,119,"38,32",140,"106,6",Luik,50.5508203,5.0971783,"['50.5040211', '50.5793306', '5.0342143', '5.172475']",Héron,-,-,01.01.0001,31.12.9999
500,Ruiselede,5.358,79,"30,20",177,"100,9",West-Vlaanderen,51.0630592,3.3787805823544,"['51.024076', '51.101172', '3.3268921', '3.4460049']",-,Ruiselede,-,01.01.0001,31.12.9999
501,Momignies,5.305,88,"85,58",62,"76,9",Henegouwen,50.0286317,4.1649981,"['49.9545998', '50.0627089', '4.1351961', '4.3145519']",Momignies,-,-,01.01.0001,31.12.9999
502,Gouvy,5.286,112,"165,11",32,"84,9",Luxemburg,50.1907344,5.9549901,"['50.1102275', '50.2703394', '5.7880943', '6.0343884']",Gouvy,-,-,02.01.1977,31.12.9999
503,Glabbeek,5.271,181,"26,78",197,"115,5",Vlaams-Brabant,50.8725203,4.9513009,"['50.8312385', '50.9012483', '4.9056027', '4.9933777']",-,Glabbeek,-,01.01.0001,31.12.9999
504,Libin,5.223,131,"139,72",37,"95,3",Luxemburg,49.9809464,5.2569017,"['49.9081268', '50.0461817', '5.123961', '5.3303413']",Libin,-,-,01.01.0001,31.12.9999
505,Houffalize,5.193,90,"166,58",31,"93,9",Luxemburg,50.1323761,5.7886928,"['50.061527', '50.2361266', '5.6518903', '5.8955135']",Houffalize,-,-,01.01.0001,31.12.9999
506,Chiny,5.180,86,"113,69",46,"95,1",Luxemburg,49.738581,5.3394252,"['49.6522363', '49.7848666', '5.3088873', '5.4812819']",Chiny,-,-,01.01.0001,31.12.9999
507,Havelange,5.175,110,"104,73",49,"93,8",Namen,50.3870946,5.23958,"['50.2940071', '50.417273', '5.129551', '5.3635158']",Havelange,-,-,01.01.0001,31.12.9999
508,Rumes,5.167,105,"23,72",218,"93,2",Henegouwen,50.5557678,3.3039251,"['50.5125141', '50.5724105', '3.2782089', '3.3642715']",Rumes,-,-,01.01.0001,31.12.9999
509,Honnelles,5.159,80,"43,65",118,"101,5",Henegouwen,50.352089,3.731019,"['50.3031647', '50.3845829', '3.6571584', '3.8389881']",Honnelles,-,-,02.01.1977,31.12.9999
510,Ohey,5.127,129,"56,62",91,"97,5",Namen,50.4359066,5.1238439,"['50.3976531', '50.4789049', '5.0759115', '5.2371344']",Ohey,-,-,01.01.0001,31.12.9999
511,Alveringem,5.047,5,"80,01",63,"87,6",West-Vlaanderen,51.01509585,2.72256881027274,"['50.9858775', '51.04427', '2.6694369', '2.7705588']",-,Alveringem,-,01.01.0001,31.12.9999
512,Houyet,4.956,105,"122,31",41,"92,2",Namen,50.1868629,5.0067044,"['50.1322509', '50.2513883', '4.8523427', '5.1198387']",Houyet,-,-,01.01.0001,31.12.9999
513,Ferrières,4.935,165,"56,90",87,"102,4",Luik,50.3999541,5.605138,"['50.3652906', '50.4600848', '5.5184999', '5.7094441']",Ferrières,-,-,01.01.0001,31.12.9999
514,Cerfontaine,4.923,109,"83,45",59,"91,4",Namen,50.1687764,4.4125932,"['50.121726', '50.2407351', '4.3617132', '4.518752']",Cerfontaine,-,-,01.01.0001,31.12.9999
515,Sivry-Rance,4.798,82,"72,97",66,"89,2",Henegouwen,50.1640023,4.1899982,"['50.1204467', '50.2154649', '4.1271221', '4.304289']",Sivry-Rance,-,-,02.01.1977,31.12.9999
516,Linkebeek,4.671,387,"4,15",1.126,"124,9",Vlaams-Brabant,50.7732003,4.3359991,"['50.7562593', '50.7799032', '4.3218436', '4.3674265']",-,Linkebeek,-,01.01.0001,31.12.9999
517,Clavier,4.637,128,"79,12",59,"97,9",Luik,50.4115085,5.3575692,"['50.3649385', '50.4615887', '5.221246', '5.4290234']",Clavier,-,-,01.01.0001,31.12.9999
518,Gedinne,4.632,98,"151,56",31,"89,4",Namen,49.9792667,4.9388966,"['49.9169026', '50.0515382', '4.790163', '5.0094269']",Gedinne,-,-,01.01.0001,31.12.9999
519,Musson,4.551,181,"34,81",131,"99,5",Luxemburg,49.5580794,5.705881,"['49.5388261', '49.6077897', '5.6164686', '5.7348992']",Musson,-,-,01.01.0001,31.12.9999
521,Pepingen,4.479,96,"36,05",124,"125,4",Vlaams-Brabant,50.7598483,4.1576993,"['50.705589', '50.789807', '4.071963', '4.2025124']",-,Pepingen,-,01.01.0001,31.12.9999
522,Baelen,4.454,150,"85,73",52,"100,5",Luik,50.6312854,5.9713469,"['50.5197347', '50.649692', '5.9341089', '6.1396911']",Baelen,-,-,01.01.0001,31.12.9999
523,Tintigny,4.300,118,"81,79",53,"97,4",Luxemburg,49.6820986,5.5185152,"['49.619245', '49.7831601', '5.4160083', '5.5542845']",Tintigny,-,-,01.01.0001,31.12.9999
524,Aubel,4.288,134,"18,83",228,"102,9",Luik,50.7041498,5.8585553,"['50.6762294', '50.717495', '5.798343', '5.9221797']",Aubel,-,-,01.01.0001,31.12.9999
525,Merbes-le-Château,4.266,135,"30,24",141,"89,7",Henegouwen,50.3234035,4.1644816,"['50.2811447', '50.3667921', '4.1328181', '4.2674347']",Merbes-le-Château,-,-,01.01.0001,31.12.9999
526,La Roche-en-Ardenne,4.253,84,"147,52",29,"86,2",Luxemburg,50.1815604,5.5759476,"['50.0898568', '50.2306596', '5.46133', '5.7461001']",La Roche-en-Ardenne,-,-,01.01.0001,31.12.9999
527,Verlaine,4.228,201,"24,21",175,"108,2",Luik,50.6075114,5.3184439,"['50.5740553', '50.637334', '5.2507263', '5.3490097']",Verlaine,-,-,01.01.0001,31.12.9999
528,Modave,4.212,171,"40,37",104,"107,1",Luik,50.4416137,5.3017936,"['50.417965', '50.5247647', '5.2354687', '5.3547775']",Modave,-,-,01.01.0001,31.12.9999
529,Anthisnes,4.189,141,"37,08",113,"109,0",Luik,50.481662,5.5225261,"['50.4577714', '50.5229653', '5.4378995', '5.5537862']",Anthisnes,-,-,02.01.1977,31.12.9999
529,Anthisnes,4.189,141,"37,08",113,"109,0",Luik,50.481662,5.5225261,"['50.4577714', '50.5229653', '5.4378995', '5.5537862']",Anthisnes,-,-,01.01.0001,02.01.1977
530,Voeren,4.146,100,"50,63",82,"95,0",Limburg,50.7465898,5.83905271220701,"['50.7099174', '50.7832452', '5.6820598', '5.9112137']",Fourons,Voeren,-,01.01.1977,31.12.9999
531,Olne,4.080,135,"15,99",255,"117,8",Luik,50.5901199,5.7479948,"['50.5635983', '50.6103477', '5.6930006', '5.7718949']",Olne,-,-,01.01.0001,31.12.9999
532,Froidchapelle,3.959,119,"86,03",46,"86,4",Henegouwen,50.1511597,4.3269129,"['50.0826276', '50.242752', '4.2819946', '4.401399']",Froidchapelle,-,-,01.01.0001,31.12.9999
534,Faimes,3.935,150,"28,48",138,"115,0",Luik,50.665246,5.262322,"['50.6158147', '50.6778824', '5.1926193', '5.2866339']",Faimes,-,-,01.01.1971,31.12.9999
535,Oerle,3.895,173,"19,64",198,"105,8",Luik,50.7291681,5.3530675,"['50.6988138', '50.7479722', '5.3039299', '5.3943125']",Oreye,Oerle,-,01.01.0001,31.12.9999
536,Hamoir,3.880,233,"27,80",140,"96,3",Luik,50.4253958,5.5328465,"['50.4073166', '50.4650153', '5.5051533', '5.6232117']",Hamoir,-,-,01.01.0001,31.12.9999
537,Mont-de-l'Enclus,3.764,85,"26,93",140,"98,4",Henegouwen,50.7456511,3.5110542,"['50.7036539', '50.771312', '3.4533407', '3.5477839']",Mont-de-l'Enclus,-,-,02.01.1977,31.12.9999
538,Brugelette,3.728,75,"28,40",131,"91,7",Henegouwen,50.5959261,3.8525914,"['50.5693194', '50.6340308', '3.8191171', '3.911754']",Brugelette,-,-,01.01.0001,31.12.9999
539,Vleteren,3.691,87,"38,15",97,"89,4",West-Vlaanderen,50.930143,2.7289867,"['50.8822168', '50.9567132', '2.6900155', '2.8105315']",-,Vleteren,-,01.01.1977,31.12.9999
540,Bertogne,3.659,128,"91,67",40,"92,8",Luxemburg,50.0842908,5.6675577,"['50.006247', '50.1165013', '5.538049', '5.7342071']",Bertogne,-,-,01.01.0001,31.12.9999
541,Lierneux,3.614,99,"92,08",39,"95,2",Luik,50.2858086,5.7921558,"['50.2543574', '50.364552', '5.7027258', '5.8815336']",Lierneux,-,-,01.01.0001,31.12.9999
543,Manhay,3.556,99,"119,81",30,"97,1",Luxemburg,50.2929635,5.6756341,"['50.2199024', '50.3721014', '5.5745675', '5.7483678']",Manhay,-,-,03.01.1977,31.12.9999
544,Hélécine,3.553,168,"16,62",214,"106,0",Waals-Brabant,50.7514034,4.9822395,"['50.7236531', '50.7697958', '4.9255524', '5.0204874']",Hélécine,-,-,03.01.1977,31.12.9999
545,Geer,3.485,144,"23,62",148,"110,8",Luik,50.6684881,5.1710529,"['50.6431444', '50.6983523', '5.1399615', '5.226876']",Geer,-,-,01.01.0001,31.12.9999
546,Vloesberg,3.447,67,"23,00",150,"105,6",Henegouwen,50.7371675,3.7378707,"['50.7293162', '50.7818702', '3.6858142', '3.7771394']",Flobecq,Vloesberg,-,01.01.0001,31.12.9999
547,Crisnée,3.412,174,"16,83",203,"110,1",Luik,50.715885,5.397318,"['50.6853683', '50.7354124', '5.3631156', '5.4317253']",Crisnée,-,-,01.01.0001,31.12.9999
548,Bièvre,3.355,121,"109,59",31,"85,1",Namen,49.9411216,5.0168496,"['49.8426048', '50.016012', '4.9306482', '5.1195994']",Bièvre,-,-,01.01.0001,31.12.9999
549,Lijsem,3.311,156,"14,75",225,"108,5",Luik,50.711613,5.0318166,"['50.6984773', '50.750798', '4.9925805', '5.0608611']",Lincent,Lijsem,-,01.01.0001,31.12.9999
550,Lo-Reninge,3.291,56,"62,94",52,"92,1",West-Vlaanderen,50.9638066,2.7643391,"['50.9013904', '51.0170019', '2.6963805', '2.856549']",-,Lo-Reninge,-,23.02.1977,31.12.9999
552,Onhaye,3.241,93,"65,53",49,"93,6",Namen,50.2435657,4.840864,"['50.214696', '50.3111173', '4.7360267', '4.8937537']",Onhaye,-,-,01.01.0001,31.12.9999
553,Burdinne,3.238,101,"32,57",99,"109,5",Luik,50.5812607,5.072436,"['50.5552451', '50.608095', '5.027859', '5.1669208']",Burdinne,-,-,01.01.0001,31.12.9999
554,Fexhe-le-Haut-Clocher,3.233,229,"19,25",168,"111,8",Luik,50.6660818,5.3985197,"['50.6392849', '50.6918017', '5.3482158', '5.440566']",Fexhe-le-Haut-Clocher,-,-,01.01.0001,31.12.9999
555,Stoumont,3.167,81,"108,45",29,"103,7",Luik,50.4069504,5.80836,"['50.35625', '50.4642046', '5.6700851', '5.9309101']",Stoumont,-,-,01.01.0001,31.12.9999
556,Berloz,3.132,202,"14,49",216,"108,8",Luik,50.6977331,5.2146261,"['50.6835696', '50.723727', '5.1650784', '5.2353501']",Berloz,-,-,01.01.0001,31.12.9999
557,Wellin,3.093,151,"67,52",46,"90,0",Luxemburg,50.0822967,5.1146708,"['50.0159061', '50.1230465', '5.011381', '5.178179']",Wellin,-,-,01.01.0001,31.12.9999
558,Donceel,3.060,166,"23,31",131,"117,9",Luik,50.6478971,5.3199408,"['50.6252332', '50.6752185', '5.2809354', '5.3764618']",Donceel,-,-,01.01.0001,31.12.9999
559,Doische,2.997,100,"84,02",36,"85,9",Namen,50.1357152,4.7458219,"['50.09183', '50.2099841', '4.583007', '4.7995471']",Doische,-,-,01.01.0001,31.12.9999
560,Wasseiges,2.937,99,"24,45",120,"98,7",Luik,50.6210088,5.006907,"['50.5879719', '50.6465153', '4.9794305', '5.0618115']",Wasseiges,-,-,01.01.0001,31.12.9999
561,Tenneville,2.832,119,"91,81",31,"97,8",Luxemburg,50.091248,5.5242133,"['50.0477579', '50.1517225', '5.389167', '5.597304']",Tenneville,-,-,01.01.0001,31.12.9999
562,Meix-devant-Virton,2.809,77,"54,20",52,"95,4",Luxemburg,49.6055933,5.4816156,"['49.5637153', '49.6397398', '5.3752213', '5.5331264']",Meix-devant-Virton,-,-,01.01.0001,31.12.9999
563,Ouffet,2.776,160,"40,22",69,"98,3",Luik,50.4377341,5.4653273,"['50.407621', '50.4826969', '5.383756', '5.5368484']",Ouffet,-,-,01.01.0001,31.12.9999
564,Baarle-Hertog,2.760,274,"7,48",369,"87,9",Antwerpen,51.4383589,4.9316995,"['51.392824', '51.45563', '4.8357449', '4.952758']",Baerle-Duc,Baarle-Hertog,Baarle-Hertog,01.01.0001,31.12.9999
565,Zuienkerke,2.721,113,"48,86",56,"113,0",West-Vlaanderen,51.2685834,3.15674060943262,"['51.243806', '51.29076', '3.1160425', '3.193541']",-,Zuienkerke,-,01.01.0001,31.12.9999
566,Tinlot,2.706,156,"37,12",73,"110,1",Luik,50.4777419,5.3786954,"['50.4466996', '50.5062878', '5.3076371', '5.4454947']",Tinlot,-,-,02.01.1977,31.12.9999
567,Rendeux,2.637,79,"68,83",38,"90,3",Luxemburg,50.2330466,5.5043243,"['50.1638022', '50.2651698', '5.4421258', '5.6135255']",Rendeux,-,-,01.01.0001,31.12.9999
568,Vresse-sur-Semois,2.615,56,"101,04",26,"85,0",Namen,49.8729769,4.9340633,"['49.7855452', '49.9309164', '4.8475351', '4.9908124']",Vresse-sur-Semois,-,-,01.02.1977,31.12.9999
569,Sainte-Ode,2.555,121,"97,87",26,"88,1",Luxemburg,50.0362888,5.5245094,"['49.9552613', '50.0775516', '5.4148743', '5.6270529']",Sainte-Ode,-,-,03.01.1977,31.12.9999
570,Trois-Ponts,2.553,127,"68,90",37,"93,4",Luik,50.3726812,5.8702957,"['50.3197785', '50.3912922', '5.7597006', '6.0020397']",Trois-Ponts,-,-,01.01.1971,31.12.9999
571,Tellin,2.432,150,"56,64",43,"93,1",Luxemburg,50.081019,5.216837,"['50.0261117', '50.1102221', '5.1524704', '5.3170064']",Tellin,-,-,01.01.0001,31.12.9999
572,Fauvillers,2.281,88,"74,11",31,"98,6",Luxemburg,49.8509306,5.665031,"['49.8200397', '49.9424849', '5.6143425', '5.7840328']",Fauvillers,-,-,01.01.0001,31.12.9999
573,Bever,2.159,63,"19,78",109,"114,5",Vlaams-Brabant,50.7164481,3.943147,"['50.6889705', '50.7330106', '3.88932', '3.9741728']",Biévène,Bever,-,01.01.0001,31.12.9999
574,Rouvroy,2.107,110,"27,68",76,"94,4",Luxemburg,49.539075,5.48971,"['49.4969821', '49.5749892', '5.4414056', '5.5333188']",Rouvroy,-,-,03.01.1977,31.12.9999
575,Spiere-Helkijn,2.049,94,"10,78",190,"94,9",West-Vlaanderen,50.7279919,3.3667739,"['50.7096189', '50.7481815', '3.3237599', '3.4044791']",Espierres-Helchin,Spiere-Helkijn,-,03.01.1977,31.12.9999
576,Horebeke,2.036,72,"11,20",182,"118,8",Oost-Vlaanderen,50.8348628,3.6920346,"['50.7983998', '50.8622645', '3.672245', '3.7160527']",-,Horebeke,-,01.01.1977,31.12.9999
577,Martelange,1.876,168,"29,67",63,"96,2",Luxemburg,49.8313323,5.7376366,"['49.7719946', '49.8577727', '5.6845055', '5.758543']",Martelange,-,-,01.01.0001,31.12.9999
578,Herbeumont,1.624,67,"58,81",28,"90,5",Luxemburg,49.7815364,5.2377736,"['49.7593794', '49.8322323', '5.2151581', '5.3963205']",Herbeumont,-,-,01.01.0001,31.12.9999
579,Daverdisse,1.395,92,"56,40",25,"83,4",Luxemburg,50.0217646,5.1184644,"['49.9612874', '50.0452849', '4.9729894', '5.1520514']",Daverdisse,-,-,01.01.0001,31.12.9999
580,Mesen,1.065,75,"3,58",298,"76,2",West-Vlaanderen,50.765419,2.8984493,"['50.7527296', '50.7670386', '2.8695657', '2.9224658']",Messines,Mesen,-,01.01.0001,31.12.9999
581,Herstappe,83,61,"1,35",61,"108,6",Limburg,50.7273829,5.4260923,"['50.718121', '50.7354411', '5.4155455', '5.4361065']",-,Herstappe,-,01.01.0001,31.12.9999
